Timestamp,Algorithm,Grammar,String name,String,Characters,Tokens,Outcome,Status,CPUs,Tok/s,Desc,GSS N,GSS E,Pop,SPPF S/I,SPPF P,SPPF E,Ambig,Heap,Heap/tok,Exact,Exact/tok,Tables,Tables/tok,Pool,Pool/tok,H0,H1,H2,H3,H4+
2023-10-29 20:54:43,GLLBaseLine,..\rhulTests\torture.art,..\rhulTests\b10.str,'bbbbbbbbbb',10,11,Accept,Good,,687.50,1203,52,795,236,220,570,1590,72,243672,22152.00
2023-10-29 20:54:43,GLLHashPool,..\rhulTests\torture.art,..\rhulTests\b10.str,'bbbbbbbbbb',10,11,Accept,Good,,Infinity,1203,52,795,236,220,570,1590,72,808,73.45,39377,3579.73,65476287,5952389.73,70904,6445.82,26001697,2800,51,20,26,
2023-10-29 20:54:43,GLLBaseLine,..\rhulTests\torture.art,..\rhulTests\b10.str,'bbbbbbbbbb',10,11,Accept,Good,,Infinity,1203,52,795,236,220,570,1590,72,243672,22152.00
2023-10-29 20:54:43,GLLHashPool,..\rhulTests\torture.art,..\rhulTests\b10.str,'bbbbbbbbbb',10,11,Accept,Good,,Infinity,1203,52,795,236,220,570,1590,72,808,73.45,39377,3579.73,65476287,5952389.73,70904,6445.82,26001697,2800,51,20,26,
2023-10-29 20:54:44,GLLBaseLine,..\rhulTests\torture.art,..\rhulTests\b10.str,'bbbbbbbbbb',10,11,Accept,Good,,Infinity,1203,52,795,236,220,570,1590,72,243672,22152.00
2023-10-29 20:54:44,GLLHashPool,..\rhulTests\torture.art,..\rhulTests\b10.str,'bbbbbbbbbb',10,11,Accept,Good,,Infinity,1203,52,795,236,220,570,1590,72,808,73.45,39377,3579.73,65476287,5952389.73,70904,6445.82,26001697,2800,51,20,26,
2023-10-29 20:54:44,GLLBaseLine,..\rhulTests\torture.art,..\rhulTests\b10.str,'bbbbbbbbbb',10,11,Accept,Good,,Infinity,1203,52,795,236,220,570,1590,72,243672,22152.00
2023-10-29 20:54:45,GLLHashPool,..\rhulTests\torture.art,..\rhulTests\b10.str,'bbbbbbbbbb',10,11,Accept,Good,,Infinity,1203,52,795,236,220,570,1590,72,808,73.45,39377,3579.73,65476287,5952389.73,70904,6445.82,26001697,2800,51,20,26,
2023-10-29 20:54:45,GLLBaseLine,..\rhulTests\torture.art,..\rhulTests\b10.str,'bbbbbbbbbb',10,11,Accept,Good,,Infinity,1203,52,795,236,220,570,1590,72,243672,22152.00
2023-10-29 20:54:45,GLLHashPool,..\rhulTests\torture.art,..\rhulTests\b10.str,'bbbbbbbbbb',10,11,Accept,Good,,Infinity,1203,52,795,236,220,570,1590,72,808,73.45,39377,3579.73,65476287,5952389.73,70904,6445.82,26001697,2800,51,20,26,
2023-10-29 20:54:45,GLLBaseLine,..\rhulTests\torture.art,..\rhulTests\b10.str,'bbbbbbbbbb',10,11,Accept,Good,,Infinity,1203,52,795,236,220,570,1590,72,243672,22152.00
2023-10-29 20:54:46,GLLHashPool,..\rhulTests\torture.art,..\rhulTests\b10.str,'bbbbbbbbbb',10,11,Accept,Good,,Infinity,1203,52,795,236,220,570,1590,72,808,73.45,39377,3579.73,65476287,5952389.73,70904,6445.82,26001697,2800,51,20,26,
2023-10-29 20:54:46,GLLBaseLine,..\rhulTests\torture.art,..\rhulTests\b10.str,'bbbbbbbbbb',10,11,Accept,Good,,Infinity,1203,52,795,236,220,570,1590,72,243672,22152.00
2023-10-29 20:54:46,GLLHashPool,..\rhulTests\torture.art,..\rhulTests\b10.str,'bbbbbbbbbb',10,11,Accept,Good,,Infinity,1203,52,795,236,220,570,1590,72,808,73.45,39377,3579.73,65476287,5952389.73,70904,6445.82,26001697,2800,51,20,26,
2023-10-29 20:54:47,GLLBaseLine,..\rhulTests\torture.art,..\rhulTests\b10.str,'bbbbbbbbbb',10,11,Accept,Good,,Infinity,1203,52,795,236,220,570,1590,72,243672,22152.00
2023-10-29 20:54:47,GLLHashPool,..\rhulTests\torture.art,..\rhulTests\b10.str,'bbbbbbbbbb',10,11,Accept,Good,,Infinity,1203,52,795,236,220,570,1590,72,808,73.45,39377,3579.73,65476287,5952389.73,70904,6445.82,26001697,2800,51,20,26,
2023-10-29 20:54:47,GLLBaseLine,..\rhulTests\torture.art,..\rhulTests\b10.str,'bbbbbbbbbb',10,11,Accept,Good,,Infinity,1203,52,795,236,220,570,1590,72,243672,22152.00
2023-10-29 20:54:47,GLLHashPool,..\rhulTests\torture.art,..\rhulTests\b10.str,'bbbbbbbbbb',10,11,Accept,Good,,Infinity,1203,52,795,236,220,570,1590,72,808,73.45,39377,3579.73,65476287,5952389.73,70904,6445.82,26001697,2800,51,20,26,
2023-10-29 20:54:48,GLLBaseLine,..\rhulTests\torture.art,..\rhulTests\b10.str,'bbbbbbbbbb',10,11,Accept,Good,,Infinity,1203,52,795,236,220,570,1590,72,243672,22152.00
2023-10-29 20:54:48,GLLHashPool,..\rhulTests\torture.art,..\rhulTests\b10.str,'bbbbbbbbbb',10,11,Accept,Good,,Infinity,1203,52,795,236,220,570,1590,72,808,73.45,39377,3579.73,65476287,5952389.73,70904,6445.82,26001697,2800,51,20,26,
2023-10-29 20:54:48,GLLBaseLine,..\rhulTests\torture.art,..\rhulTests\b20.str,'bbbbbbbbbb',20,21,Accept,Good,,1312.50,4878,102,3080,971,840,4240,12280,342,1073504,51119.24
2023-10-29 20:54:49,GLLHashPool,..\rhulTests\torture.art,..\rhulTests\b20.str,'bbbbbbbbbb',20,21,Accept,Good,,Infinity,4878,102,3080,971,840,4240,12280,342,936,44.57,171717,8177.00,65476287,3117918.43,335664,15984.00,25991803,12021,628,34,108,
2023-10-29 20:54:49,GLLBaseLine,..\rhulTests\torture.art,..\rhulTests\b20.str,'bbbbbbbbbb',20,21,Accept,Good,,1400.00,4878,102,3080,971,840,4240,12280,342,1073504,51119.24
2023-10-29 20:54:49,GLLHashPool,..\rhulTests\torture.art,..\rhulTests\b20.str,'bbbbbbbbbb',20,21,Accept,Good,,Infinity,4878,102,3080,971,840,4240,12280,342,936,44.57,171717,8177.00,65476287,3117918.43,335664,15984.00,25991803,12021,628,34,108,
2023-10-29 20:54:50,GLLBaseLine,..\rhulTests\torture.art,..\rhulTests\b20.str,'bbbbbbbbbb',20,21,Accept,Good,,1312.50,4878,102,3080,971,840,4240,12280,342,1073504,51119.24
2023-10-29 20:54:50,GLLHashPool,..\rhulTests\torture.art,..\rhulTests\b20.str,'bbbbbbbbbb',20,21,Accept,Good,,Infinity,4878,102,3080,971,840,4240,12280,342,936,44.57,171717,8177.00,65476287,3117918.43,335664,15984.00,25991803,12021,628,34,108,
2023-10-29 20:54:50,GLLBaseLine,..\rhulTests\torture.art,..\rhulTests\b20.str,'bbbbbbbbbb',20,21,Accept,Good,,1400.00,4878,102,3080,971,840,4240,12280,342,1073504,51119.24
2023-10-29 20:54:51,GLLHashPool,..\rhulTests\torture.art,..\rhulTests\b20.str,'bbbbbbbbbb',20,21,Accept,Good,,Infinity,4878,102,3080,971,840,4240,12280,342,936,44.57,171717,8177.00,65476287,3117918.43,335664,15984.00,25991803,12021,628,34,108,
2023-10-29 20:54:51,GLLBaseLine,..\rhulTests\torture.art,..\rhulTests\b20.str,'bbbbbbbbbb',20,21,Accept,Good,,656.25,4878,102,3080,971,840,4240,12280,342,1073504,51119.24
2023-10-29 20:54:51,GLLHashPool,..\rhulTests\torture.art,..\rhulTests\b20.str,'bbbbbbbbbb',20,21,Accept,Good,,Infinity,4878,102,3080,971,840,4240,12280,342,936,44.57,171717,8177.00,65476287,3117918.43,335664,15984.00,25991803,12021,628,34,108,
2023-10-29 20:54:52,GLLBaseLine,..\rhulTests\torture.art,..\rhulTests\b20.str,'bbbbbbbbbb',20,21,Accept,Good,,1312.50,4878,102,3080,971,840,4240,12280,342,1073504,51119.24
2023-10-29 20:54:52,GLLHashPool,..\rhulTests\torture.art,..\rhulTests\b20.str,'bbbbbbbbbb',20,21,Accept,Good,,Infinity,4878,102,3080,971,840,4240,12280,342,936,44.57,171717,8177.00,65476287,3117918.43,335664,15984.00,25991803,12021,628,34,108,
2023-10-29 20:54:52,GLLBaseLine,..\rhulTests\torture.art,..\rhulTests\b20.str,'bbbbbbbbbb',20,21,Accept,Good,,1312.50,4878,102,3080,971,840,4240,12280,342,1073504,51119.24
2023-10-29 20:54:52,GLLHashPool,..\rhulTests\torture.art,..\rhulTests\b20.str,'bbbbbbbbbb',20,21,Accept,Good,,Infinity,4878,102,3080,971,840,4240,12280,342,936,44.57,171717,8177.00,65476287,3117918.43,335664,15984.00,25991803,12021,628,34,108,
2023-10-29 20:54:53,GLLBaseLine,..\rhulTests\torture.art,..\rhulTests\b20.str,'bbbbbbbbbb',20,21,Accept,Good,,1312.50,4878,102,3080,971,840,4240,12280,342,1073504,51119.24
2023-10-29 20:54:53,GLLHashPool,..\rhulTests\torture.art,..\rhulTests\b20.str,'bbbbbbbbbb',20,21,Accept,Good,,Infinity,4878,102,3080,971,840,4240,12280,342,936,44.57,171717,8177.00,65476287,3117918.43,335664,15984.00,25991803,12021,628,34,108,
2023-10-29 20:54:53,GLLBaseLine,..\rhulTests\torture.art,..\rhulTests\b20.str,'bbbbbbbbbb',20,21,Accept,Good,,1312.50,4878,102,3080,971,840,4240,12280,342,1073504,51119.24
2023-10-29 20:54:54,GLLHashPool,..\rhulTests\torture.art,..\rhulTests\b20.str,'bbbbbbbbbb',20,21,Accept,Good,,Infinity,4878,102,3080,971,840,4240,12280,342,936,44.57,171717,8177.00,65476287,3117918.43,335664,15984.00,25991803,12021,628,34,108,
2023-10-29 20:54:54,GLLBaseLine,..\rhulTests\torture.art,..\rhulTests\b20.str,'bbbbbbbbbb',20,21,Accept,Good,,1400.00,4878,102,3080,971,840,4240,12280,342,1073504,51119.24
2023-10-29 20:54:54,GLLHashPool,..\rhulTests\torture.art,..\rhulTests\b20.str,'bbbbbbbbbb',20,21,Accept,Good,,Infinity,4878,102,3080,971,840,4240,12280,342,936,44.57,171717,8177.00,65476287,3117918.43,335664,15984.00,25991803,12021,628,34,108,
2023-10-29 20:54:55,GLLBaseLine,..\rhulTests\torture.art,..\rhulTests\b30.str,'bbbbbbbbbb',30,31,Accept,Good,,659.57,11053,152,6865,2206,1860,14010,41070,812,2693912,86900.39
2023-10-29 20:54:55,GLLHashPool,..\rhulTests\torture.art,..\rhulTests\b30.str,'bbbbbbbbbb',30,31,Accept,Good,,1937.50,11053,152,6865,2206,1860,14010,41070,812,936,30.19,418757,13508.29,65476287,2112138.29,879224,28362.06,25972775,28936,2621,70,192,
2023-10-29 20:54:55,GLLBaseLine,..\rhulTests\torture.art,..\rhulTests\b30.str,'bbbbbbbbbb',30,31,Accept,Good,,659.57,11053,152,6865,2206,1860,14010,41070,812,2693912,86900.39
2023-10-29 20:54:56,GLLHashPool,..\rhulTests\torture.art,..\rhulTests\b30.str,'bbbbbbbbbb',30,31,Accept,Good,,1937.50,11053,152,6865,2206,1860,14010,41070,812,936,30.19,418757,13508.29,65476287,2112138.29,879224,28362.06,25972775,28936,2621,70,192,
2023-10-29 20:54:56,GLLBaseLine,..\rhulTests\torture.art,..\rhulTests\b30.str,'bbbbbbbbbb',30,31,Accept,Good,,659.57,11053,152,6865,2206,1860,14010,41070,812,2693912,86900.39
2023-10-29 20:54:56,GLLHashPool,..\rhulTests\torture.art,..\rhulTests\b30.str,'bbbbbbbbbb',30,31,Accept,Good,,1937.50,11053,152,6865,2206,1860,14010,41070,812,936,30.19,418757,13508.29,65476287,2112138.29,879224,28362.06,25972775,28936,2621,70,192,
2023-10-29 20:54:57,GLLBaseLine,..\rhulTests\torture.art,..\rhulTests\b30.str,'bbbbbbbbbb',30,31,Accept,Good,,659.57,11053,152,6865,2206,1860,14010,41070,812,2693912,86900.39
2023-10-29 20:54:57,GLLHashPool,..\rhulTests\torture.art,..\rhulTests\b30.str,'bbbbbbbbbb',30,31,Accept,Good,,1937.50,11053,152,6865,2206,1860,14010,41070,812,936,30.19,418757,13508.29,65476287,2112138.29,879224,28362.06,25972775,28936,2621,70,192,
2023-10-29 20:54:57,GLLBaseLine,..\rhulTests\torture.art,..\rhulTests\b30.str,'bbbbbbbbbb',30,31,Accept,Good,,659.57,11053,152,6865,2206,1860,14010,41070,812,2693912,86900.39
2023-10-29 20:54:58,GLLHashPool,..\rhulTests\torture.art,..\rhulTests\b30.str,'bbbbbbbbbb',30,31,Accept,Good,,2066.67,11053,152,6865,2206,1860,14010,41070,812,936,30.19,418757,13508.29,65476287,2112138.29,879224,28362.06,25972775,28936,2621,70,192,
2023-10-29 20:54:58,GLLBaseLine,..\rhulTests\torture.art,..\rhulTests\b30.str,'bbbbbbbbbb',30,31,Accept,Good,,1000.00,11053,152,6865,2206,1860,14010,41070,812,2693912,86900.39
2023-10-29 20:54:58,GLLHashPool,..\rhulTests\torture.art,..\rhulTests\b30.str,'bbbbbbbbbb',30,31,Accept,Good,,2066.67,11053,152,6865,2206,1860,14010,41070,812,936,30.19,418757,13508.29,65476287,2112138.29,879224,28362.06,25972775,28936,2621,70,192,
2023-10-29 20:54:59,GLLBaseLine,..\rhulTests\torture.art,..\rhulTests\b30.str,'bbbbbbbbbb',30,31,Accept,Good,,659.57,11053,152,6865,2206,1860,14010,41070,812,2693912,86900.39
2023-10-29 20:54:59,GLLHashPool,..\rhulTests\torture.art,..\rhulTests\b30.str,'bbbbbbbbbb',30,31,Accept,Good,,1937.50,11053,152,6865,2206,1860,14010,41070,812,936,30.19,418757,13508.29,65476287,2112138.29,879224,28362.06,25972775,28936,2621,70,192,
2023-10-29 20:54:59,GLLBaseLine,..\rhulTests\torture.art,..\rhulTests\b30.str,'bbbbbbbbbb',30,31,Accept,Good,,659.57,11053,152,6865,2206,1860,14010,41070,812,2693912,86900.39
2023-10-29 20:55:00,GLLHashPool,..\rhulTests\torture.art,..\rhulTests\b30.str,'bbbbbbbbbb',30,31,Accept,Good,,1937.50,11053,152,6865,2206,1860,14010,41070,812,936,30.19,418757,13508.29,65476287,2112138.29,879224,28362.06,25972775,28936,2621,70,192,
2023-10-29 20:55:00,GLLBaseLine,..\rhulTests\torture.art,..\rhulTests\b30.str,'bbbbbbbbbb',30,31,Accept,Good,,659.57,11053,152,6865,2206,1860,14010,41070,812,2693912,86900.39
2023-10-29 20:55:00,GLLHashPool,..\rhulTests\torture.art,..\rhulTests\b30.str,'bbbbbbbbbb',30,31,Accept,Good,,1937.50,11053,152,6865,2206,1860,14010,41070,812,936,30.19,418757,13508.29,65476287,2112138.29,879224,28362.06,25972775,28936,2621,70,192,
2023-10-29 20:55:01,GLLBaseLine,..\rhulTests\torture.art,..\rhulTests\b30.str,'bbbbbbbbbb',30,31,Accept,Good,,659.57,11053,152,6865,2206,1860,14010,41070,812,2693912,86900.39
2023-10-29 20:55:01,GLLHashPool,..\rhulTests\torture.art,..\rhulTests\b30.str,'bbbbbbbbbb',30,31,Accept,Good,,2066.67,11053,152,6865,2206,1860,14010,41070,812,936,30.19,418757,13508.29,65476287,2112138.29,879224,28362.06,25972775,28936,2621,70,192,
2023-10-29 20:55:01,GLLBaseLine,..\rhulTests\torture.art,..\rhulTests\b40.str,'bbbbbbbbbb',40,41,Accept,Good,,650.79,19728,202,12150,3941,3280,32880,96960,1482,5347184,130419.12
2023-10-29 20:55:02,GLLHashPool,..\rhulTests\torture.art,..\rhulTests\b40.str,'bbbbbbbbbb',40,41,Accept,Good,,2562.50,19728,202,12150,3941,3280,32880,96960,1482,936,22.83,801497,19548.71,65476287,1596982.61,1785584,43550.83,25942977,54056,6957,285,319,
2023-10-29 20:55:02,GLLBaseLine,..\rhulTests\torture.art,..\rhulTests\b40.str,'bbbbbbbbbb',40,41,Accept,Good,,650.79,19728,202,12150,3941,3280,32880,96960,1482,5347184,130419.12
2023-10-29 20:55:03,GLLHashPool,..\rhulTests\torture.art,..\rhulTests\b40.str,'bbbbbbbbbb',40,41,Accept,Good,,2562.50,19728,202,12150,3941,3280,32880,96960,1482,936,22.83,801497,19548.71,65476287,1596982.61,1785584,43550.83,25942977,54056,6957,285,319,
2023-10-29 20:55:03,GLLBaseLine,..\rhulTests\torture.art,..\rhulTests\b40.str,'bbbbbbbbbb',40,41,Accept,Good,,525.64,19728,202,12150,3941,3280,32880,96960,1482,5347184,130419.12
2023-10-29 20:55:03,GLLHashPool,..\rhulTests\torture.art,..\rhulTests\b40.str,'bbbbbbbbbb',40,41,Accept,Good,,2733.33,19728,202,12150,3941,3280,32880,96960,1482,936,22.83,801497,19548.71,65476287,1596982.61,1785584,43550.83,25942977,54056,6957,285,319,
2023-10-29 20:55:04,GLLBaseLine,..\rhulTests\torture.art,..\rhulTests\b40.str,'bbbbbbbbbb',40,41,Accept,Good,,650.79,19728,202,12150,3941,3280,32880,96960,1482,5347184,130419.12
2023-10-29 20:55:04,GLLHashPool,..\rhulTests\torture.art,..\rhulTests\b40.str,'bbbbbbbbbb',40,41,Accept,Good,,2733.33,19728,202,12150,3941,3280,32880,96960,1482,936,22.83,801497,19548.71,65476287,1596982.61,1785584,43550.83,25942977,54056,6957,285,319,
2023-10-29 20:55:04,GLLBaseLine,..\rhulTests\torture.art,..\rhulTests\b40.str,'bbbbbbbbbb',40,41,Accept,Good,,525.64,19728,202,12150,3941,3280,32880,96960,1482,5347232,130420.29
2023-10-29 20:55:05,GLLHashPool,..\rhulTests\torture.art,..\rhulTests\b40.str,'bbbbbbbbbb',40,41,Accept,Good,,2562.50,19728,202,12150,3941,3280,32880,96960,1482,936,22.83,801497,19548.71,65476287,1596982.61,1785584,43550.83,25942977,54056,6957,285,319,
2023-10-29 20:55:05,GLLBaseLine,..\rhulTests\torture.art,..\rhulTests\b40.str,'bbbbbbbbbb',40,41,Accept,Good,,650.79,19728,202,12150,3941,3280,32880,96960,1482,5347184,130419.12
2023-10-29 20:55:05,GLLHashPool,..\rhulTests\torture.art,..\rhulTests\b40.str,'bbbbbbbbbb',40,41,Accept,Good,,2562.50,19728,202,12150,3941,3280,32880,96960,1482,936,22.83,801497,19548.71,65476287,1596982.61,1785584,43550.83,25942977,54056,6957,285,319,
2023-10-29 20:55:06,GLLBaseLine,..\rhulTests\torture.art,..\rhulTests\b40.str,'bbbbbbbbbb',40,41,Accept,Good,,661.29,19728,202,12150,3941,3280,32880,96960,1482,5347184,130419.12
2023-10-29 20:55:06,GLLHashPool,..\rhulTests\torture.art,..\rhulTests\b40.str,'bbbbbbbbbb',40,41,Accept,Good,,2562.50,19728,202,12150,3941,3280,32880,96960,1482,936,22.83,801497,19548.71,65476287,1596982.61,1785584,43550.83,25942977,54056,6957,285,319,
2023-10-29 20:55:07,GLLBaseLine,..\rhulTests\torture.art,..\rhulTests\b40.str,'bbbbbbbbbb',40,41,Accept,Good,,525.64,19728,202,12150,3941,3280,32880,96960,1482,5347184,130419.12
2023-10-29 20:55:07,GLLHashPool,..\rhulTests\torture.art,..\rhulTests\b40.str,'bbbbbbbbbb',40,41,Accept,Good,,2733.33,19728,202,12150,3941,3280,32880,96960,1482,936,22.83,801497,19548.71,65476287,1596982.61,1785584,43550.83,25942977,54056,6957,285,319,
2023-10-29 20:55:07,GLLBaseLine,..\rhulTests\torture.art,..\rhulTests\b40.str,'bbbbbbbbbb',40,41,Accept,Good,,525.64,19728,202,12150,3941,3280,32880,96960,1482,5347184,130419.12
2023-10-29 20:55:08,GLLHashPool,..\rhulTests\torture.art,..\rhulTests\b40.str,'bbbbbbbbbb',40,41,Accept,Good,,2562.50,19728,202,12150,3941,3280,32880,96960,1482,936,22.83,801497,19548.71,65476287,1596982.61,1785584,43550.83,25942977,54056,6957,285,319,
2023-10-29 20:55:08,GLLBaseLine,..\rhulTests\torture.art,..\rhulTests\b40.str,'bbbbbbbbbb',40,41,Accept,Good,,525.64,19728,202,12150,3941,3280,32880,96960,1482,5347184,130419.12
2023-10-29 20:55:08,GLLHashPool,..\rhulTests\torture.art,..\rhulTests\b40.str,'bbbbbbbbbb',40,41,Accept,Good,,2733.33,19728,202,12150,3941,3280,32880,96960,1482,936,22.83,801497,19548.71,65476287,1596982.61,1785584,43550.83,25942977,54056,6957,285,319,
2023-10-29 20:55:09,GLLBaseLine,..\rhulTests\torture.art,..\rhulTests\b50.str,'bbbbbbbbbb',50,51,Accept,Good,,463.64,30903,252,18935,6176,5100,63850,188950,2352,9261160,181591.37
2023-10-29 20:55:09,GLLHashPool,..\rhulTests\torture.art,..\rhulTests\b50.str,'bbbbbbbbbb',50,51,Accept,Good,,1085.11,30903,252,18935,6176,5100,63850,188950,2352,936,18.35,1340937,26292.88,65476287,1283848.76,3138744,61544.00,25900467,88330,14538,803,456,
2023-10-29 20:55:10,GLLBaseLine,..\rhulTests\torture.art,..\rhulTests\b50.str,'bbbbbbbbbb',50,51,Accept,Good,,463.64,30903,252,18935,6176,5100,63850,188950,2352,9261160,181591.37
2023-10-29 20:55:10,GLLHashPool,..\rhulTests\torture.art,..\rhulTests\b50.str,'bbbbbbbbbb',50,51,Accept,Good,,1085.11,30903,252,18935,6176,5100,63850,188950,2352,936,18.35,1340937,26292.88,65476287,1283848.76,3138744,61544.00,25900467,88330,14538,803,456,
2023-10-29 20:55:10,GLLBaseLine,..\rhulTests\torture.art,..\rhulTests\b50.str,'bbbbbbbbbb',50,51,Accept,Good,,467.89,30903,252,18935,6176,5100,63850,188950,2352,9261160,181591.37
2023-10-29 20:55:11,GLLHashPool,..\rhulTests\torture.art,..\rhulTests\b50.str,'bbbbbbbbbb',50,51,Accept,Good,,1085.11,30903,252,18935,6176,5100,63850,188950,2352,936,18.35,1340937,26292.88,65476287,1283848.76,3138744,61544.00,25900467,88330,14538,803,456,
2023-10-29 20:55:11,GLLBaseLine,..\rhulTests\torture.art,..\rhulTests\b50.str,'bbbbbbbbbb',50,51,Accept,Good,,467.89,30903,252,18935,6176,5100,63850,188950,2352,9261160,181591.37
2023-10-29 20:55:11,GLLHashPool,..\rhulTests\torture.art,..\rhulTests\b50.str,'bbbbbbbbbb',50,51,Accept,Good,,1645.16,30903,252,18935,6176,5100,63850,188950,2352,936,18.35,1340937,26292.88,65476287,1283848.76,3138744,61544.00,25900467,88330,14538,803,456,
2023-10-29 20:55:12,GLLBaseLine,..\rhulTests\torture.art,..\rhulTests\b50.str,'bbbbbbbbbb',50,51,Accept,Good,,408.00,30903,252,18935,6176,5100,63850,188950,2352,9261160,181591.37
2023-10-29 20:55:12,GLLHashPool,..\rhulTests\torture.art,..\rhulTests\b50.str,'bbbbbbbbbb',50,51,Accept,Good,,1645.16,30903,252,18935,6176,5100,63850,188950,2352,936,18.35,1340937,26292.88,65476287,1283848.76,3138744,61544.00,25900467,88330,14538,803,456,
2023-10-29 20:55:13,GLLBaseLine,..\rhulTests\torture.art,..\rhulTests\b50.str,'bbbbbbbbbb',50,51,Accept,Good,,463.64,30903,252,18935,6176,5100,63850,188950,2352,9261160,181591.37
2023-10-29 20:55:13,GLLHashPool,..\rhulTests\torture.art,..\rhulTests\b50.str,'bbbbbbbbbb',50,51,Accept,Good,,1085.11,30903,252,18935,6176,5100,63850,188950,2352,936,18.35,1340937,26292.88,65476287,1283848.76,3138744,61544.00,25900467,88330,14538,803,456,
2023-10-29 20:55:13,GLLBaseLine,..\rhulTests\torture.art,..\rhulTests\b50.str,'bbbbbbbbbb',50,51,Accept,Good,,467.89,30903,252,18935,6176,5100,63850,188950,2352,9261160,181591.37
2023-10-29 20:55:14,GLLHashPool,..\rhulTests\torture.art,..\rhulTests\b50.str,'bbbbbbbbbb',50,51,Accept,Good,,1085.11,30903,252,18935,6176,5100,63850,188950,2352,936,18.35,1340937,26292.88,65476287,1283848.76,3138744,61544.00,25900467,88330,14538,803,456,
2023-10-29 20:55:14,GLLBaseLine,..\rhulTests\torture.art,..\rhulTests\b50.str,'bbbbbbbbbb',50,51,Accept,Good,,463.64,30903,252,18935,6176,5100,63850,188950,2352,9261160,181591.37
2023-10-29 20:55:15,GLLHashPool,..\rhulTests\torture.art,..\rhulTests\b50.str,'bbbbbbbbbb',50,51,Accept,Good,,1085.11,30903,252,18935,6176,5100,63850,188950,2352,936,18.35,1340937,26292.88,65476287,1283848.76,3138744,61544.00,25900467,88330,14538,803,456,
2023-10-29 20:55:15,GLLBaseLine,..\rhulTests\torture.art,..\rhulTests\b50.str,'bbbbbbbbbb',50,51,Accept,Good,,463.64,30903,252,18935,6176,5100,63850,188950,2352,9261160,181591.37
2023-10-29 20:55:15,GLLHashPool,..\rhulTests\torture.art,..\rhulTests\b50.str,'bbbbbbbbbb',50,51,Accept,Good,,1085.11,30903,252,18935,6176,5100,63850,188950,2352,936,18.35,1340937,26292.88,65476287,1283848.76,3138744,61544.00,25900467,88330,14538,803,456,
2023-10-29 20:55:16,GLLBaseLine,..\rhulTests\torture.art,..\rhulTests\b50.str,'bbbbbbbbbb',50,51,Accept,Good,,463.64,30903,252,18935,6176,5100,63850,188950,2352,9261160,181591.37
2023-10-29 20:55:16,GLLHashPool,..\rhulTests\torture.art,..\rhulTests\b50.str,'bbbbbbbbbb',50,51,Accept,Good,,1085.11,30903,252,18935,6176,5100,63850,188950,2352,936,18.35,1340937,26292.88,65476287,1283848.76,3138744,61544.00,25900467,88330,14538,803,456,
2023-10-29 20:55:17,GLLBaseLine,..\rhulTests\torture.art,..\rhulTests\b60.str,'bbbbbbbbbb',60,61,Accept,Good,,354.65,44578,302,27220,8911,7320,109920,326040,3422,14651824,240193.84
2023-10-29 20:55:17,GLLHashPool,..\rhulTests\torture.art,..\rhulTests\b60.str,'bbbbbbbbbb',60,61,Accept,Good,,782.05,44578,302,27220,8911,7320,109920,326040,3422,936,15.34,2058077,33738.97,65476287,1073381.75,5022704,82339.41,25843305,132829,26179,1533,748,
2023-10-29 20:55:18,GLLBaseLine,..\rhulTests\torture.art,..\rhulTests\b60.str,'bbbbbbbbbb',60,61,Accept,Good,,354.65,44578,302,27220,8911,7320,109920,326040,3422,14719256,241299.28
2023-10-29 20:55:18,GLLHashPool,..\rhulTests\torture.art,..\rhulTests\b60.str,'bbbbbbbbbb',60,61,Accept,Good,,772.15,44578,302,27220,8911,7320,109920,326040,3422,936,15.34,2058077,33738.97,65476287,1073381.75,5022704,82339.41,25843305,132829,26179,1533,748,
2023-10-29 20:55:18,GLLBaseLine,..\rhulTests\torture.art,..\rhulTests\b60.str,'bbbbbbbbbb',60,61,Accept,Good,,388.54,44578,302,27220,8911,7320,109920,326040,3422,14650984,240180.07
2023-10-29 20:55:19,GLLHashPool,..\rhulTests\torture.art,..\rhulTests\b60.str,'bbbbbbbbbb',60,61,Accept,Good,,782.05,44578,302,27220,8911,7320,109920,326040,3422,936,15.34,2058077,33738.97,65476287,1073381.75,5022704,82339.41,25843305,132829,26179,1533,748,
2023-10-29 20:55:19,GLLBaseLine,..\rhulTests\torture.art,..\rhulTests\b60.str,'bbbbbbbbbb',60,61,Accept,Good,,354.65,44578,302,27220,8911,7320,109920,326040,3422,14651440,240187.54
2023-10-29 20:55:20,GLLHashPool,..\rhulTests\torture.art,..\rhulTests\b60.str,'bbbbbbbbbb',60,61,Accept,Good,,782.05,44578,302,27220,8911,7320,109920,326040,3422,936,15.34,2058077,33738.97,65476287,1073381.75,5022704,82339.41,25843305,132829,26179,1533,748,
2023-10-29 20:55:20,GLLBaseLine,..\rhulTests\torture.art,..\rhulTests\b60.str,'bbbbbbbbbb',60,61,Accept,Good,,391.03,44578,302,27220,8911,7320,109920,326040,3422,14651568,240189.64
2023-10-29 20:55:21,GLLHashPool,..\rhulTests\torture.art,..\rhulTests\b60.str,'bbbbbbbbbb',60,61,Accept,Good,,782.05,44578,302,27220,8911,7320,109920,326040,3422,936,15.34,2058077,33738.97,65476287,1073381.75,5022704,82339.41,25843305,132829,26179,1533,748,
2023-10-29 20:55:21,GLLBaseLine,..\rhulTests\torture.art,..\rhulTests\b60.str,'bbbbbbbbbb',60,61,Accept,Good,,354.65,44578,302,27220,8911,7320,109920,326040,3422,14651664,240191.21
2023-10-29 20:55:21,GLLHashPool,..\rhulTests\torture.art,..\rhulTests\b60.str,'bbbbbbbbbb',60,61,Accept,Good,,782.05,44578,302,27220,8911,7320,109920,326040,3422,936,15.34,2058077,33738.97,65476287,1073381.75,5022704,82339.41,25843305,132829,26179,1533,748,
2023-10-29 20:55:22,GLLBaseLine,..\rhulTests\torture.art,..\rhulTests\b60.str,'bbbbbbbbbb',60,61,Accept,Good,,354.65,44578,302,27220,8911,7320,109920,326040,3422,14653168,240215.87
2023-10-29 20:55:22,GLLHashPool,..\rhulTests\torture.art,..\rhulTests\b60.str,'bbbbbbbbbb',60,61,Accept,Good,,782.05,44578,302,27220,8911,7320,109920,326040,3422,936,15.34,2058077,33738.97,65476287,1073381.75,5022704,82339.41,25843305,132829,26179,1533,748,
2023-10-29 20:55:23,GLLBaseLine,..\rhulTests\torture.art,..\rhulTests\b60.str,'bbbbbbbbbb',60,61,Accept,Good,,354.65,44578,302,27220,8911,7320,109920,326040,3422,14650672,240174.95
2023-10-29 20:55:23,GLLHashPool,..\rhulTests\torture.art,..\rhulTests\b60.str,'bbbbbbbbbb',60,61,Accept,Good,,772.15,44578,302,27220,8911,7320,109920,326040,3422,936,15.34,2058077,33738.97,65476287,1073381.75,5022704,82339.41,25843305,132829,26179,1533,748,
2023-10-29 20:55:24,GLLBaseLine,..\rhulTests\torture.art,..\rhulTests\b60.str,'bbbbbbbbbb',60,61,Accept,Good,,354.65,44578,302,27220,8911,7320,109920,326040,3422,14719160,241297.70
2023-10-29 20:55:24,GLLHashPool,..\rhulTests\torture.art,..\rhulTests\b60.str,'bbbbbbbbbb',60,61,Accept,Good,,782.05,44578,302,27220,8911,7320,109920,326040,3422,936,15.34,2058077,33738.97,65476287,1073381.75,5022704,82339.41,25843305,132829,26179,1533,748,
2023-10-29 20:55:25,GLLBaseLine,..\rhulTests\torture.art,..\rhulTests\b60.str,'bbbbbbbbbb',60,61,Accept,Good,,354.65,44578,302,27220,8911,7320,109920,326040,3422,14650712,240175.61
2023-10-29 20:55:25,GLLHashPool,..\rhulTests\torture.art,..\rhulTests\b60.str,'bbbbbbbbbb',60,61,Accept,Good,,782.05,44578,302,27220,8911,7320,109920,326040,3422,936,15.34,2058077,33738.97,65476287,1073381.75,5022704,82339.41,25843305,132829,26179,1533,748,
2023-10-29 20:55:26,GLLBaseLine,..\rhulTests\torture.art,..\rhulTests\b70.str,'bbbbbbbbbb',70,71,Accept,Good,,284.00,60753,352,37005,12146,9940,174090,517230,4692,21802080,307071.55
2023-10-29 20:55:26,GLLHashPool,..\rhulTests\torture.art,..\rhulTests\b70.str,'bbbbbbbbbb',70,71,Accept,Good,,568.00,60753,352,37005,12146,9940,174090,517230,4692,936,13.18,2973917,41886.15,65476287,922201.23,7521464,105936.11,25769360,188474,43240,2536,984,
2023-10-29 20:55:27,GLLBaseLine,..\rhulTests\torture.art,..\rhulTests\b70.str,'bbbbbbbbbb',70,71,Accept,Good,,303.42,60753,352,37005,12146,9940,174090,517230,4692,21819040,307310.42
2023-10-29 20:55:27,GLLHashPool,..\rhulTests\torture.art,..\rhulTests\b70.str,'bbbbbbbbbb',70,71,Accept,Good,,568.00,60753,352,37005,12146,9940,174090,517230,4692,936,13.18,2973917,41886.15,65476287,922201.23,7521464,105936.11,25769360,188474,43240,2536,984,
2023-10-29 20:55:28,GLLBaseLine,..\rhulTests\torture.art,..\rhulTests\b70.str,'bbbbbbbbbb',70,71,Accept,Good,,303.42,60753,352,37005,12146,9940,174090,517230,4692,21836784,307560.34
2023-10-29 20:55:28,GLLHashPool,..\rhulTests\torture.art,..\rhulTests\b70.str,'bbbbbbbbbb',70,71,Accept,Good,,568.00,60753,352,37005,12146,9940,174090,517230,4692,936,13.18,2973917,41886.15,65476287,922201.23,7521464,105936.11,25769360,188474,43240,2536,984,
2023-10-29 20:55:28,GLLBaseLine,..\rhulTests\torture.art,..\rhulTests\b70.str,'bbbbbbbbbb',70,71,Accept,Good,,284.00,60753,352,37005,12146,9940,174090,517230,4692,21790440,306907.61
2023-10-29 20:55:29,GLLHashPool,..\rhulTests\torture.art,..\rhulTests\b70.str,'bbbbbbbbbb',70,71,Accept,Good,,568.00,60753,352,37005,12146,9940,174090,517230,4692,936,13.18,2973917,41886.15,65476287,922201.23,7521464,105936.11,25769360,188474,43240,2536,984,
2023-10-29 20:55:29,GLLBaseLine,..\rhulTests\torture.art,..\rhulTests\b70.str,'bbbbbbbbbb',70,71,Accept,Good,,302.13,60753,352,37005,12146,9940,174090,517230,4692,21803008,307084.62
2023-10-29 20:55:30,GLLHashPool,..\rhulTests\torture.art,..\rhulTests\b70.str,'bbbbbbbbbb',70,71,Accept,Good,,568.00,60753,352,37005,12146,9940,174090,517230,4692,936,13.18,2973917,41886.15,65476287,922201.23,7521464,105936.11,25769360,188474,43240,2536,984,
2023-10-29 20:55:30,GLLBaseLine,..\rhulTests\torture.art,..\rhulTests\b70.str,'bbbbbbbbbb',70,71,Accept,Good,,284.00,60753,352,37005,12146,9940,174090,517230,4692,21791264,306919.21
2023-10-29 20:55:31,GLLHashPool,..\rhulTests\torture.art,..\rhulTests\b70.str,'bbbbbbbbbb',70,71,Accept,Good,,568.00,60753,352,37005,12146,9940,174090,517230,4692,936,13.18,2973917,41886.15,65476287,922201.23,7521464,105936.11,25769360,188474,43240,2536,984,
2023-10-29 20:55:31,GLLBaseLine,..\rhulTests\torture.art,..\rhulTests\b70.str,'bbbbbbbbbb',70,71,Accept,Good,,284.00,60753,352,37005,12146,9940,174090,517230,4692,21796472,306992.56
2023-10-29 20:55:32,GLLHashPool,..\rhulTests\torture.art,..\rhulTests\b70.str,'bbbbbbbbbb',70,71,Accept,Good,,568.00,60753,352,37005,12146,9940,174090,517230,4692,936,13.18,2973917,41886.15,65476287,922201.23,7521464,105936.11,25769360,188474,43240,2536,984,
2023-10-29 20:55:32,GLLBaseLine,..\rhulTests\torture.art,..\rhulTests\b70.str,'bbbbbbbbbb',70,71,Accept,Good,,302.13,60753,352,37005,12146,9940,174090,517230,4692,21799096,307029.52
2023-10-29 20:55:33,GLLHashPool,..\rhulTests\torture.art,..\rhulTests\b70.str,'bbbbbbbbbb',70,71,Accept,Good,,568.00,60753,352,37005,12146,9940,174090,517230,4692,936,13.18,2973917,41886.15,65476287,922201.23,7521464,105936.11,25769360,188474,43240,2536,984,
2023-10-29 20:55:33,GLLBaseLine,..\rhulTests\torture.art,..\rhulTests\b70.str,'bbbbbbbbbb',70,71,Accept,Good,,303.42,60753,352,37005,12146,9940,174090,517230,4692,21798176,307016.56
2023-10-29 20:55:34,GLLHashPool,..\rhulTests\torture.art,..\rhulTests\b70.str,'bbbbbbbbbb',70,71,Accept,Good,,568.00,60753,352,37005,12146,9940,174090,517230,4692,936,13.18,2973917,41886.15,65476287,922201.23,7521464,105936.11,25769360,188474,43240,2536,984,
2023-10-29 20:55:34,GLLBaseLine,..\rhulTests\torture.art,..\rhulTests\b70.str,'bbbbbbbbbb',70,71,Accept,Good,,284.00,60753,352,37005,12146,9940,174090,517230,4692,21831016,307479.10
2023-10-29 20:55:35,GLLHashPool,..\rhulTests\torture.art,..\rhulTests\b70.str,'bbbbbbbbbb',70,71,Accept,Good,,568.00,60753,352,37005,12146,9940,174090,517230,4692,936,13.18,2973917,41886.15,65476287,922201.23,7521464,105936.11,25769360,188474,43240,2536,984,
2023-10-29 20:55:36,GLLBaseLine,..\rhulTests\torture.art,..\rhulTests\b80.str,'bbbbbbbbbb',80,81,Accept,Good,,258.79,79428,402,48290,15881,12960,259360,771520,6162,30743672,379551.51
2023-10-29 20:55:36,GLLHashPool,..\rhulTests\torture.art,..\rhulTests\b80.str,'bbbbbbbbbb',80,81,Accept,Good,,433.16,79428,402,48290,15881,12960,259360,771520,6162,936,11.56,4109457,50734.04,65476287,808349.22,10719024,132333.63,25679224,253087,65788,4897,1598,
2023-10-29 20:55:37,GLLBaseLine,..\rhulTests\torture.art,..\rhulTests\b80.str,'bbbbbbbbbb',80,81,Accept,Good,,235.47,79428,402,48290,15881,12960,259360,771520,6162,30643616,378316.25
2023-10-29 20:55:37,GLLHashPool,..\rhulTests\torture.art,..\rhulTests\b80.str,'bbbbbbbbbb',80,81,Accept,Good,,433.16,79428,402,48290,15881,12960,259360,771520,6162,936,11.56,4109457,50734.04,65476287,808349.22,10719024,132333.63,25679224,253087,65788,4897,1598,
2023-10-29 20:55:38,GLLBaseLine,..\rhulTests\torture.art,..\rhulTests\b80.str,'bbbbbbbbbb',80,81,Accept,Good,,246.95,79428,402,48290,15881,12960,259360,771520,6162,30666408,378597.63
2023-10-29 20:55:38,GLLHashPool,..\rhulTests\torture.art,..\rhulTests\b80.str,'bbbbbbbbbb',80,81,Accept,Good,,470.93,79428,402,48290,15881,12960,259360,771520,6162,936,11.56,4109457,50734.04,65476287,808349.22,10719024,132333.63,25679224,253087,65788,4897,1598,
2023-10-29 20:55:39,GLLBaseLine,..\rhulTests\torture.art,..\rhulTests\b80.str,'bbbbbbbbbb',80,81,Accept,Good,,246.20,79428,402,48290,15881,12960,259360,771520,6162,30652936,378431.31
2023-10-29 20:55:40,GLLHashPool,..\rhulTests\torture.art,..\rhulTests\b80.str,'bbbbbbbbbb',80,81,Accept,Good,,430.85,79428,402,48290,15881,12960,259360,771520,6162,936,11.56,4109457,50734.04,65476287,808349.22,10719024,132333.63,25679224,253087,65788,4897,1598,
2023-10-29 20:55:40,GLLBaseLine,..\rhulTests\torture.art,..\rhulTests\b80.str,'bbbbbbbbbb',80,81,Accept,Good,,246.95,79428,402,48290,15881,12960,259360,771520,6162,30668416,378622.42
2023-10-29 20:55:41,GLLHashPool,..\rhulTests\torture.art,..\rhulTests\b80.str,'bbbbbbbbbb',80,81,Accept,Good,,433.16,79428,402,48290,15881,12960,259360,771520,6162,936,11.56,4109457,50734.04,65476287,808349.22,10719024,132333.63,25679224,253087,65788,4897,1598,
2023-10-29 20:55:41,GLLBaseLine,..\rhulTests\torture.art,..\rhulTests\b80.str,'bbbbbbbbbb',80,81,Accept,Good,,258.79,79428,402,48290,15881,12960,259360,771520,6162,30656424,378474.37
2023-10-29 20:55:42,GLLHashPool,..\rhulTests\torture.art,..\rhulTests\b80.str,'bbbbbbbbbb',80,81,Accept,Good,,430.85,79428,402,48290,15881,12960,259360,771520,6162,936,11.56,4109457,50734.04,65476287,808349.22,10719024,132333.63,25679224,253087,65788,4897,1598,
2023-10-29 20:55:43,GLLBaseLine,..\rhulTests\torture.art,..\rhulTests\b80.str,'bbbbbbbbbb',80,81,Accept,Good,,246.95,79428,402,48290,15881,12960,259360,771520,6162,30727816,379355.75
2023-10-29 20:55:43,GLLHashPool,..\rhulTests\torture.art,..\rhulTests\b80.str,'bbbbbbbbbb',80,81,Accept,Good,,430.85,79428,402,48290,15881,12960,259360,771520,6162,936,11.56,4109457,50734.04,65476287,808349.22,10719024,132333.63,25679224,253087,65788,4897,1598,
2023-10-29 20:55:44,GLLBaseLine,..\rhulTests\torture.art,..\rhulTests\b80.str,'bbbbbbbbbb',80,81,Accept,Good,,246.95,79428,402,48290,15881,12960,259360,771520,6162,30659128,378507.75
2023-10-29 20:55:44,GLLHashPool,..\rhulTests\torture.art,..\rhulTests\b80.str,'bbbbbbbbbb',80,81,Accept,Good,,433.16,79428,402,48290,15881,12960,259360,771520,6162,936,11.56,4109457,50734.04,65476287,808349.22,10719024,132333.63,25679224,253087,65788,4897,1598,
2023-10-29 20:55:45,GLLBaseLine,..\rhulTests\torture.art,..\rhulTests\b80.str,'bbbbbbbbbb',80,81,Accept,Good,,246.95,79428,402,48290,15881,12960,259360,771520,6162,30661640,378538.77
2023-10-29 20:55:45,GLLHashPool,..\rhulTests\torture.art,..\rhulTests\b80.str,'bbbbbbbbbb',80,81,Accept,Good,,430.85,79428,402,48290,15881,12960,259360,771520,6162,936,11.56,4109457,50734.04,65476287,808349.22,10719024,132333.63,25679224,253087,65788,4897,1598,
2023-10-29 20:55:46,GLLBaseLine,..\rhulTests\torture.art,..\rhulTests\b80.str,'bbbbbbbbbb',80,81,Accept,Good,,246.95,79428,402,48290,15881,12960,259360,771520,6162,30655320,378460.74
2023-10-29 20:55:47,GLLHashPool,..\rhulTests\torture.art,..\rhulTests\b80.str,'bbbbbbbbbb',80,81,Accept,Good,,433.16,79428,402,48290,15881,12960,259360,771520,6162,936,11.56,4109457,50734.04,65476287,808349.22,10719024,132333.63,25679224,253087,65788,4897,1598,
2023-10-29 20:55:47,GLLBaseLine,..\rhulTests\torture.art,..\rhulTests\b90.str,'bbbbbbbbbb',90,91,Accept,Good,,200.88,100603,452,61075,20116,16380,368730,1097910,7832,42972496,472225.23
2023-10-29 20:55:48,GLLHashPool,..\rhulTests\torture.art,..\rhulTests\b90.str,'bbbbbbbbbb',90,91,Accept,Good,,323.84,100603,452,61075,20116,16380,368730,1097910,7832,936,10.29,5485697,60282.38,65476287,719519.64,14699384,161531.69,25573946,324633,93095,9210,3710,
2023-10-29 20:55:49,GLLBaseLine,..\rhulTests\torture.art,..\rhulTests\b90.str,'bbbbbbbbbb',90,91,Accept,Good,,200.88,100603,452,61075,20116,16380,368730,1097910,7832,43051192,473090.02
2023-10-29 20:55:49,GLLHashPool,..\rhulTests\torture.art,..\rhulTests\b90.str,'bbbbbbbbbb',90,91,Accept,Good,,323.84,100603,452,61075,20116,16380,368730,1097910,7832,936,10.29,5485697,60282.38,65476287,719519.64,14699384,161531.69,25573946,324633,93095,9210,3710,
2023-10-29 20:55:50,GLLBaseLine,..\rhulTests\torture.art,..\rhulTests\b90.str,'bbbbbbbbbb',90,91,Accept,Good,,200.88,100603,452,61075,20116,16380,368730,1097910,7832,43006480,472598.68
2023-10-29 20:55:51,GLLHashPool,..\rhulTests\torture.art,..\rhulTests\b90.str,'bbbbbbbbbb',90,91,Accept,Good,,323.84,100603,452,61075,20116,16380,368730,1097910,7832,936,10.29,5485697,60282.38,65476287,719519.64,14699384,161531.69,25573946,324633,93095,9210,3710,
2023-10-29 20:55:51,GLLBaseLine,..\rhulTests\torture.art,..\rhulTests\b90.str,'bbbbbbbbbb',90,91,Accept,Good,,207.76,100603,452,61075,20116,16380,368730,1097910,7832,43099920,473625.49
2023-10-29 20:55:52,GLLHashPool,..\rhulTests\torture.art,..\rhulTests\b90.str,'bbbbbbbbbb',90,91,Accept,Good,,323.84,100603,452,61075,20116,16380,368730,1097910,7832,936,10.29,5485697,60282.38,65476287,719519.64,14699384,161531.69,25573946,324633,93095,9210,3710,
2023-10-29 20:55:53,GLLBaseLine,..\rhulTests\torture.art,..\rhulTests\b90.str,'bbbbbbbbbb',90,91,Accept,Good,,200.88,100603,452,61075,20116,16380,368730,1097910,7832,43147288,474146.02
2023-10-29 20:55:54,GLLHashPool,..\rhulTests\torture.art,..\rhulTests\b90.str,'bbbbbbbbbb',90,91,Accept,Good,,323.84,100603,452,61075,20116,16380,368730,1097910,7832,936,10.29,5485697,60282.38,65476287,719519.64,14699384,161531.69,25573946,324633,93095,9210,3710,
2023-10-29 20:55:54,GLLBaseLine,..\rhulTests\torture.art,..\rhulTests\b90.str,'bbbbbbbbbb',90,91,Accept,Good,,200.88,100603,452,61075,20116,16380,368730,1097910,7832,42922648,471677.45
2023-10-29 20:55:55,GLLHashPool,..\rhulTests\torture.art,..\rhulTests\b90.str,'bbbbbbbbbb',90,91,Accept,Good,,323.84,100603,452,61075,20116,16380,368730,1097910,7832,936,10.29,5485697,60282.38,65476287,719519.64,14699384,161531.69,25573946,324633,93095,9210,3710,
2023-10-29 20:55:56,GLLBaseLine,..\rhulTests\torture.art,..\rhulTests\b90.str,'bbbbbbbbbb',90,91,Accept,Good,,200.88,100603,452,61075,20116,16380,368730,1097910,7832,42998288,472508.66
2023-10-29 20:55:56,GLLHashPool,..\rhulTests\torture.art,..\rhulTests\b90.str,'bbbbbbbbbb',90,91,Accept,Good,,322.70,100603,452,61075,20116,16380,368730,1097910,7832,936,10.29,5485697,60282.38,65476287,719519.64,14699384,161531.69,25573946,324633,93095,9210,3710,
2023-10-29 20:55:57,GLLBaseLine,..\rhulTests\torture.art,..\rhulTests\b90.str,'bbbbbbbbbb',90,91,Accept,Good,,194.03,100603,452,61075,20116,16380,368730,1097910,7832,43019168,472738.11
2023-10-29 20:55:58,GLLHashPool,..\rhulTests\torture.art,..\rhulTests\b90.str,'bbbbbbbbbb',90,91,Accept,Good,,343.40,100603,452,61075,20116,16380,368730,1097910,7832,936,10.29,5485697,60282.38,65476287,719519.64,14699384,161531.69,25573946,324633,93095,9210,3710,
2023-10-29 20:55:59,GLLBaseLine,..\rhulTests\torture.art,..\rhulTests\b90.str,'bbbbbbbbbb',90,91,Accept,Good,,203.58,100603,452,61075,20116,16380,368730,1097910,7832,43040304,472970.37
2023-10-29 20:55:59,GLLHashPool,..\rhulTests\torture.art,..\rhulTests\b90.str,'bbbbbbbbbb',90,91,Accept,Good,,323.84,100603,452,61075,20116,16380,368730,1097910,7832,936,10.29,5485697,60282.38,65476287,719519.64,14699384,161531.69,25573946,324633,93095,9210,3710,
2023-10-29 20:56:00,GLLBaseLine,..\rhulTests\torture.art,..\rhulTests\b90.str,'bbbbbbbbbb',90,91,Accept,Good,,200.88,100603,452,61075,20116,16380,368730,1097910,7832,43044616,473017.76
2023-10-29 20:56:01,GLLHashPool,..\rhulTests\torture.art,..\rhulTests\b90.str,'bbbbbbbbbb',90,91,Accept,Good,,323.84,100603,452,61075,20116,16380,368730,1097910,7832,936,10.29,5485697,60282.38,65476287,719519.64,14699384,161531.69,25573946,324633,93095,9210,3710,
2023-10-29 20:56:01,GLLBaseLine,..\rhulTests\torture.art,..\rhulTests\b100.str,'bbbbbbbbbb',100,101,Accept,Good,,165.57,124278,502,75360,24851,20200,505200,1505400,9702,55954120,554001.19
2023-10-29 20:56:02,GLLHashPool,..\rhulTests\torture.art,..\rhulTests\b100.str,'bbbbbbbbbb',100,101,Accept,Good,,248.77,124278,502,75360,24851,20200,505200,1505400,9702,936,9.27,7123637,70531.06,65476287,648280.07,19546544,193530.14,25451161,403723,126398,17267,6045,
2023-10-29 20:56:03,GLLBaseLine,..\rhulTests\torture.art,..\rhulTests\b100.str,'bbbbbbbbbb',100,101,Accept,Good,,165.85,124278,502,75360,24851,20200,505200,1505400,9702,56084320,555290.30
2023-10-29 20:56:04,GLLHashPool,..\rhulTests\torture.art,..\rhulTests\b100.str,'bbbbbbbbbb',100,101,Accept,Good,,258.31,124278,502,75360,24851,20200,505200,1505400,9702,936,9.27,7123637,70531.06,65476287,648280.07,19546544,193530.14,25451161,403723,126398,17267,6045,
2023-10-29 20:56:05,GLLBaseLine,..\rhulTests\torture.art,..\rhulTests\b100.str,'bbbbbbbbbb',100,101,Accept,Good,,165.85,124278,502,75360,24851,20200,505200,1505400,9702,56100488,555450.38
2023-10-29 20:56:06,GLLHashPool,..\rhulTests\torture.art,..\rhulTests\b100.str,'bbbbbbbbbb',100,101,Accept,Good,,248.77,124278,502,75360,24851,20200,505200,1505400,9702,936,9.27,7123637,70531.06,65476287,648280.07,19546544,193530.14,25451161,403723,126398,17267,6045,
2023-10-29 20:56:07,GLLBaseLine,..\rhulTests\torture.art,..\rhulTests\b100.str,'bbbbbbbbbb',100,101,Accept,Good,,165.85,124278,502,75360,24851,20200,505200,1505400,9702,56140600,555847.52
2023-10-29 20:56:07,GLLHashPool,..\rhulTests\torture.art,..\rhulTests\b100.str,'bbbbbbbbbb',100,101,Accept,Good,,248.77,124278,502,75360,24851,20200,505200,1505400,9702,936,9.27,7123637,70531.06,65476287,648280.07,19546544,193530.14,25451161,403723,126398,17267,6045,
2023-10-29 20:56:08,GLLBaseLine,..\rhulTests\torture.art,..\rhulTests\b100.str,'bbbbbbbbbb',100,101,Accept,Good,,165.85,124278,502,75360,24851,20200,505200,1505400,9702,56018680,554640.40
2023-10-29 20:56:09,GLLHashPool,..\rhulTests\torture.art,..\rhulTests\b100.str,'bbbbbbbbbb',100,101,Accept,Good,,248.16,124278,502,75360,24851,20200,505200,1505400,9702,936,9.27,7123637,70531.06,65476287,648280.07,19546544,193530.14,25451161,403723,126398,17267,6045,
2023-10-29 20:56:10,GLLBaseLine,..\rhulTests\torture.art,..\rhulTests\b100.str,'bbbbbbbbbb',100,101,Accept,Good,,165.85,124278,502,75360,24851,20200,505200,1505400,9702,55987680,554333.47
2023-10-29 20:56:11,GLLHashPool,..\rhulTests\torture.art,..\rhulTests\b100.str,'bbbbbbbbbb',100,101,Accept,Good,,258.97,124278,502,75360,24851,20200,505200,1505400,9702,936,9.27,7123637,70531.06,65476287,648280.07,19546544,193530.14,25451161,403723,126398,17267,6045,
2023-10-29 20:56:12,GLLBaseLine,..\rhulTests\torture.art,..\rhulTests\b100.str,'bbbbbbbbbb',100,101,Accept,Good,,170.03,124278,502,75360,24851,20200,505200,1505400,9702,56113016,555574.42
2023-10-29 20:56:12,GLLHashPool,..\rhulTests\torture.art,..\rhulTests\b100.str,'bbbbbbbbbb',100,101,Accept,Good,,248.77,124278,502,75360,24851,20200,505200,1505400,9702,936,9.27,7123637,70531.06,65476287,648280.07,19546544,193530.14,25451161,403723,126398,17267,6045,
2023-10-29 20:56:13,GLLBaseLine,..\rhulTests\torture.art,..\rhulTests\b100.str,'bbbbbbbbbb',100,101,Accept,Good,,165.57,124278,502,75360,24851,20200,505200,1505400,9702,56035960,554811.49
2023-10-29 20:56:14,GLLHashPool,..\rhulTests\torture.art,..\rhulTests\b100.str,'bbbbbbbbbb',100,101,Accept,Good,,258.31,124278,502,75360,24851,20200,505200,1505400,9702,936,9.27,7123637,70531.06,65476287,648280.07,19546544,193530.14,25451161,403723,126398,17267,6045,
2023-10-29 20:56:15,GLLBaseLine,..\rhulTests\torture.art,..\rhulTests\b100.str,'bbbbbbbbbb',100,101,Accept,Good,,161.60,124278,502,75360,24851,20200,505200,1505400,9702,56070216,555150.65
2023-10-29 20:56:16,GLLHashPool,..\rhulTests\torture.art,..\rhulTests\b100.str,'bbbbbbbbbb',100,101,Accept,Good,,258.31,124278,502,75360,24851,20200,505200,1505400,9702,936,9.27,7123637,70531.06,65476287,648280.07,19546544,193530.14,25451161,403723,126398,17267,6045,
2023-10-29 20:56:17,GLLBaseLine,..\rhulTests\torture.art,..\rhulTests\b100.str,'bbbbbbbbbb',100,101,Accept,Good,,161.60,124278,502,75360,24851,20200,505200,1505400,9702,56083904,555286.18
2023-10-29 20:56:18,GLLHashPool,..\rhulTests\torture.art,..\rhulTests\b100.str,'bbbbbbbbbb',100,101,Accept,Good,,258.31,124278,502,75360,24851,20200,505200,1505400,9702,936,9.27,7123637,70531.06,65476287,648280.07,19546544,193530.14,25451161,403723,126398,17267,6045,
2023-10-29 20:56:19,GLLBaseLine,..\rhulTests\torture.art,..\rhulTests\b110.str,'bbbbbbbbbb',110,111,Accept,Good,,144.91,150453,552,91145,30086,24420,671770,2002990,11772,72178464,650256.43
2023-10-29 20:56:20,GLLHashPool,..\rhulTests\torture.art,..\rhulTests\b110.str,'bbbbbbbbbb',110,111,Accept,Good,,203.30,150453,552,91145,30086,24420,671770,2002990,11772,936,8.43,9044277,81479.97,65476287,589876.46,25344504,228328.86,25312584,489488,163999,26347,12176,
2023-10-29 20:56:21,GLLBaseLine,..\rhulTests\torture.art,..\rhulTests\b110.str,'bbbbbbbbbb',110,111,Accept,Good,,144.91,150453,552,91145,30086,24420,671770,2002990,11772,72158128,650073.23
2023-10-29 20:56:22,GLLHashPool,..\rhulTests\torture.art,..\rhulTests\b110.str,'bbbbbbbbbb',110,111,Accept,Good,,197.16,150453,552,91145,30086,24420,671770,2002990,11772,936,8.43,9044277,81479.97,65476287,589876.46,25344504,228328.86,25312584,489488,163999,26347,12176,
2023-10-29 20:56:23,GLLBaseLine,..\rhulTests\torture.art,..\rhulTests\b110.str,'bbbbbbbbbb',110,111,Accept,Good,,142.13,150453,552,91145,30086,24420,671770,2002990,11772,72154240,650038.20
2023-10-29 20:56:24,GLLHashPool,..\rhulTests\torture.art,..\rhulTests\b110.str,'bbbbbbbbbb',110,111,Accept,Good,,192.04,150453,552,91145,30086,24420,671770,2002990,11772,936,8.43,9044277,81479.97,65476287,589876.46,25344504,228328.86,25312584,489488,163999,26347,12176,
2023-10-29 20:56:25,GLLBaseLine,..\rhulTests\torture.art,..\rhulTests\b110.str,'bbbbbbbbbb',110,111,Accept,Good,,139.27,150453,552,91145,30086,24420,671770,2002990,11772,71578312,644849.66
2023-10-29 20:56:26,GLLHashPool,..\rhulTests\torture.art,..\rhulTests\b110.str,'bbbbbbbbbb',110,111,Accept,Good,,202.93,150453,552,91145,30086,24420,671770,2002990,11772,936,8.43,9044277,81479.97,65476287,589876.46,25344504,228328.86,25312584,489488,163999,26347,12176,
2023-10-29 20:56:27,GLLBaseLine,..\rhulTests\torture.art,..\rhulTests\b110.str,'bbbbbbbbbb',110,111,Accept,Good,,139.27,150453,552,91145,30086,24420,671770,2002990,11772,71675824,645728.14
2023-10-29 20:56:28,GLLHashPool,..\rhulTests\torture.art,..\rhulTests\b110.str,'bbbbbbbbbb',110,111,Accept,Good,,197.51,150453,552,91145,30086,24420,671770,2002990,11772,936,8.43,9044277,81479.97,65476287,589876.46,25344504,228328.86,25312584,489488,163999,26347,12176,
2023-10-29 20:56:29,GLLBaseLine,..\rhulTests\torture.art,..\rhulTests\b110.str,'bbbbbbbbbb',110,111,Accept,Good,,142.13,150453,552,91145,30086,24420,671770,2002990,11772,72175456,650229.33
2023-10-29 20:56:30,GLLHashPool,..\rhulTests\torture.art,..\rhulTests\b110.str,'bbbbbbbbbb',110,111,Accept,Good,,192.04,150453,552,91145,30086,24420,671770,2002990,11772,936,8.43,9044277,81479.97,65476287,589876.46,25344504,228328.86,25312584,489488,163999,26347,12176,
2023-10-29 20:56:31,GLLBaseLine,..\rhulTests\torture.art,..\rhulTests\b110.str,'bbbbbbbbbb',110,111,Accept,Good,,142.13,150453,552,91145,30086,24420,671770,2002990,11772,72190800,650367.57
2023-10-29 20:56:32,GLLHashPool,..\rhulTests\torture.art,..\rhulTests\b110.str,'bbbbbbbbbb',110,111,Accept,Good,,203.30,150453,552,91145,30086,24420,671770,2002990,11772,936,8.43,9044277,81479.97,65476287,589876.46,25344504,228328.86,25312584,489488,163999,26347,12176,
2023-10-29 20:56:33,GLLBaseLine,..\rhulTests\torture.art,..\rhulTests\b110.str,'bbbbbbbbbb',110,111,Accept,Good,,148.00,150453,552,91145,30086,24420,671770,2002990,11772,72118272,649714.16
2023-10-29 20:56:34,GLLHashPool,..\rhulTests\torture.art,..\rhulTests\b110.str,'bbbbbbbbbb',110,111,Accept,Good,,197.51,150453,552,91145,30086,24420,671770,2002990,11772,936,8.43,9044277,81479.97,65476287,589876.46,25344504,228328.86,25312584,489488,163999,26347,12176,
2023-10-29 20:56:35,GLLBaseLine,..\rhulTests\torture.art,..\rhulTests\b110.str,'bbbbbbbbbb',110,111,Accept,Good,,148.00,150453,552,91145,30086,24420,671770,2002990,11772,72329888,651620.61
2023-10-29 20:56:36,GLLHashPool,..\rhulTests\torture.art,..\rhulTests\b110.str,'bbbbbbbbbb',110,111,Accept,Good,,202.93,150453,552,91145,30086,24420,671770,2002990,11772,936,8.43,9044277,81479.97,65476287,589876.46,25344504,228328.86,25312584,489488,163999,26347,12176,
2023-10-29 20:56:37,GLLBaseLine,..\rhulTests\torture.art,..\rhulTests\b110.str,'bbbbbbbbbb',110,111,Accept,Good,,139.27,150453,552,91145,30086,24420,671770,2002990,11772,72216424,650598.41
2023-10-29 20:56:38,GLLHashPool,..\rhulTests\torture.art,..\rhulTests\b110.str,'bbbbbbbbbb',110,111,Accept,Good,,202.93,150453,552,91145,30086,24420,671770,2002990,11772,936,8.43,9044277,81479.97,65476287,589876.46,25344504,228328.86,25312584,489488,163999,26347,12176,
2023-10-29 20:56:39,GLLBaseLine,..\rhulTests\torture.art,..\rhulTests\b120.str,'bbbbbbbbbb',120,121,Accept,Good,,122.97,179128,602,108430,35821,29040,871440,2599680,14042,90486176,747819.64
2023-10-29 20:56:40,GLLHashPool,..\rhulTests\torture.art,..\rhulTests\b120.str,'bbbbbbbbbb',120,121,Accept,Good,,161.55,179128,602,108430,35821,29040,871440,2599680,14042,936,7.74,11268617,93129.07,65476287,541126.34,32177264,265927.80,25158004,580005,204933,41985,19667,
2023-10-29 20:56:42,GLLBaseLine,..\rhulTests\torture.art,..\rhulTests\b120.str,'bbbbbbbbbb',120,121,Accept,Good,,124.87,179128,602,108430,35821,29040,871440,2599680,14042,90360424,746780.36
2023-10-29 20:56:43,GLLHashPool,..\rhulTests\torture.art,..\rhulTests\b120.str,'bbbbbbbbbb',120,121,Accept,Good,,157.96,179128,602,108430,35821,29040,871440,2599680,14042,936,7.74,11268617,93129.07,65476287,541126.34,32177264,265927.80,25158004,580005,204933,41985,19667,
2023-10-29 20:56:44,GLLBaseLine,..\rhulTests\torture.art,..\rhulTests\b120.str,'bbbbbbbbbb',120,121,Accept,Good,,121.00,179128,602,108430,35821,29040,871440,2599680,14042,90413056,747215.34
2023-10-29 20:56:45,GLLHashPool,..\rhulTests\torture.art,..\rhulTests\b120.str,'bbbbbbbbbb',120,121,Accept,Good,,158.17,179128,602,108430,35821,29040,871440,2599680,14042,936,7.74,11268617,93129.07,65476287,541126.34,32177264,265927.80,25158004,580005,204933,41985,19667,
2023-10-29 20:56:47,GLLBaseLine,..\rhulTests\torture.art,..\rhulTests\b120.str,'bbbbbbbbbb',120,121,Accept,Good,,119.09,179128,602,108430,35821,29040,871440,2599680,14042,90128520,744863.80
2023-10-29 20:56:48,GLLHashPool,..\rhulTests\torture.art,..\rhulTests\b120.str,'bbbbbbbbbb',120,121,Accept,Good,,141.19,179128,602,108430,35821,29040,871440,2599680,14042,936,7.74,11268617,93129.07,65476287,541126.34,32177264,265927.80,25158004,580005,204933,41985,19667,
2023-10-29 20:56:49,GLLBaseLine,..\rhulTests\torture.art,..\rhulTests\b120.str,'bbbbbbbbbb',120,121,Accept,Good,,100.58,179128,602,108430,35821,29040,871440,2599680,14042,90424752,747312.00
2023-10-29 20:56:51,GLLHashPool,..\rhulTests\torture.art,..\rhulTests\b120.str,'bbbbbbbbbb',120,121,Accept,Good,,154.93,179128,602,108430,35821,29040,871440,2599680,14042,936,7.74,11268617,93129.07,65476287,541126.34,32177264,265927.80,25158004,580005,204933,41985,19667,
2023-10-29 20:56:52,GLLBaseLine,..\rhulTests\torture.art,..\rhulTests\b120.str,'bbbbbbbbbb',120,121,Accept,Good,,117.25,179128,602,108430,35821,29040,871440,2599680,14042,90142096,744976.00
2023-10-29 20:56:53,GLLHashPool,..\rhulTests\torture.art,..\rhulTests\b120.str,'bbbbbbbbbb',120,121,Accept,Good,,154.93,179128,602,108430,35821,29040,871440,2599680,14042,936,7.74,11268617,93129.07,65476287,541126.34,32177264,265927.80,25158004,580005,204933,41985,19667,
2023-10-29 20:56:55,GLLBaseLine,..\rhulTests\torture.art,..\rhulTests\b120.str,'bbbbbbbbbb',120,121,Accept,Good,,119.21,179128,602,108430,35821,29040,871440,2599680,14042,90659488,749251.97
2023-10-29 20:56:56,GLLHashPool,..\rhulTests\torture.art,..\rhulTests\b120.str,'bbbbbbbbbb',120,121,Accept,Good,,157.96,179128,602,108430,35821,29040,871440,2599680,14042,936,7.74,11268617,93129.07,65476287,541126.34,32177264,265927.80,25158004,580005,204933,41985,19667,
2023-10-29 20:56:57,GLLBaseLine,..\rhulTests\torture.art,..\rhulTests\b120.str,'bbbbbbbbbb',120,121,Accept,Good,,121.00,179128,602,108430,35821,29040,871440,2599680,14042,90183944,745321.85
2023-10-29 20:56:58,GLLHashPool,..\rhulTests\torture.art,..\rhulTests\b120.str,'bbbbbbbbbb',120,121,Accept,Good,,157.96,179128,602,108430,35821,29040,871440,2599680,14042,936,7.74,11268617,93129.07,65476287,541126.34,32177264,265927.80,25158004,580005,204933,41985,19667,
2023-10-29 20:57:00,GLLBaseLine,..\rhulTests\torture.art,..\rhulTests\b120.str,'bbbbbbbbbb',120,121,Accept,Good,,118.16,179128,602,108430,35821,29040,871440,2599680,14042,90104600,744666.12
2023-10-29 20:57:01,GLLHashPool,..\rhulTests\torture.art,..\rhulTests\b120.str,'bbbbbbbbbb',120,121,Accept,Good,,154.93,179128,602,108430,35821,29040,871440,2599680,14042,936,7.74,11268617,93129.07,65476287,541126.34,32177264,265927.80,25158004,580005,204933,41985,19667,
2023-10-29 20:57:02,GLLBaseLine,..\rhulTests\torture.art,..\rhulTests\b120.str,'bbbbbbbbbb',120,121,Accept,Good,,121.00,179128,602,108430,35821,29040,871440,2599680,14042,90528904,748172.76
2023-10-29 20:57:03,GLLHashPool,..\rhulTests\torture.art,..\rhulTests\b120.str,'bbbbbbbbbb',120,121,Accept,Good,,158.17,179128,602,108430,35821,29040,871440,2599680,14042,936,7.74,11268617,93129.07,65476287,541126.34,32177264,265927.80,25158004,580005,204933,41985,19667,
2023-10-29 20:57:05,GLLBaseLine,..\rhulTests\torture.art,..\rhulTests\b130.str,'bbbbbbbbbb',130,131,Accept,Good,,94.24,210303,652,127215,42056,34060,1107210,3304470,16512,114152560,871393.59
2023-10-29 20:57:06,GLLHashPool,..\rhulTests\torture.art,..\rhulTests\b130.str,'bbbbbbbbbb',130,131,Accept,Good,,123.35,210303,652,127215,42056,34060,1107210,3304470,16512,936,7.15,13817657,105478.30,65476287,499818.98,40128824,306326.90,25000291,662788,243488,61636,36391,
2023-10-29 20:57:08,GLLBaseLine,..\rhulTests\torture.art,..\rhulTests\b130.str,'bbbbbbbbbb',130,131,Accept,Good,,99.85,210303,652,127215,42056,34060,1107210,3304470,16512,114272176,872306.69
2023-10-29 20:57:09,GLLHashPool,..\rhulTests\torture.art,..\rhulTests\b130.str,'bbbbbbbbbb',130,131,Accept,Good,,128.94,210303,652,127215,42056,34060,1107210,3304470,16512,936,7.15,13817657,105478.30,65476287,499818.98,40128824,306326.90,25000291,662788,243488,61636,36391,
2023-10-29 20:57:11,GLLBaseLine,..\rhulTests\torture.art,..\rhulTests\b130.str,'bbbbbbbbbb',130,131,Accept,Good,,99.85,210303,652,127215,42056,34060,1107210,3304470,16512,113900080,869466.26
2023-10-29 20:57:13,GLLHashPool,..\rhulTests\torture.art,..\rhulTests\b130.str,'bbbbbbbbbb',130,131,Accept,Good,,125.12,210303,652,127215,42056,34060,1107210,3304470,16512,936,7.15,13817657,105478.30,65476287,499818.98,40128824,306326.90,25000291,662788,243488,61636,36391,
2023-10-29 20:57:14,GLLBaseLine,..\rhulTests\torture.art,..\rhulTests\b130.str,'bbbbbbbbbb',130,131,Accept,Good,,98.64,210303,652,127215,42056,34060,1107210,3304470,16512,114331664,872760.79
2023-10-29 20:57:16,GLLHashPool,..\rhulTests\torture.art,..\rhulTests\b130.str,'bbbbbbbbbb',130,131,Accept,Good,,129.06,210303,652,127215,42056,34060,1107210,3304470,16512,936,7.15,13817657,105478.30,65476287,499818.98,40128824,306326.90,25000291,662788,243488,61636,36391,
2023-10-29 20:57:17,GLLBaseLine,..\rhulTests\torture.art,..\rhulTests\b130.str,'bbbbbbbbbb',130,131,Accept,Good,,99.85,210303,652,127215,42056,34060,1107210,3304470,16512,114065376,870728.06
2023-10-29 20:57:19,GLLHashPool,..\rhulTests\torture.art,..\rhulTests\b130.str,'bbbbbbbbbb',130,131,Accept,Good,,127.06,210303,652,127215,42056,34060,1107210,3304470,16512,936,7.15,13817657,105478.30,65476287,499818.98,40128824,306326.90,25000291,662788,243488,61636,36391,
2023-10-29 20:57:21,GLLBaseLine,..\rhulTests\torture.art,..\rhulTests\b130.str,'bbbbbbbbbb',130,131,Accept,Good,,97.47,210303,652,127215,42056,34060,1107210,3304470,16512,113676456,867759.21
2023-10-29 20:57:22,GLLHashPool,..\rhulTests\torture.art,..\rhulTests\b130.str,'bbbbbbbbbb',130,131,Accept,Good,,127.06,210303,652,127215,42056,34060,1107210,3304470,16512,936,7.15,13817657,105478.30,65476287,499818.98,40128824,306326.90,25000291,662788,243488,61636,36391,
2023-10-29 20:57:24,GLLBaseLine,..\rhulTests\torture.art,..\rhulTests\b130.str,'bbbbbbbbbb',130,131,Accept,Good,,99.77,210303,652,127215,42056,34060,1107210,3304470,16512,113978832,870067.42
2023-10-29 20:57:25,GLLHashPool,..\rhulTests\torture.art,..\rhulTests\b130.str,'bbbbbbbbbb',130,131,Accept,Good,,127.06,210303,652,127215,42056,34060,1107210,3304470,16512,936,7.15,13817657,105478.30,65476287,499818.98,40128824,306326.90,25000291,662788,243488,61636,36391,
2023-10-29 20:57:27,GLLBaseLine,..\rhulTests\torture.art,..\rhulTests\b130.str,'bbbbbbbbbb',130,131,Accept,Good,,101.00,210303,652,127215,42056,34060,1107210,3304470,16512,114001272,870238.72
2023-10-29 20:57:28,GLLHashPool,..\rhulTests\torture.art,..\rhulTests\b130.str,'bbbbbbbbbb',130,131,Accept,Good,,125.12,210303,652,127215,42056,34060,1107210,3304470,16512,936,7.15,13817657,105478.30,65476287,499818.98,40128824,306326.90,25000291,662788,243488,61636,36391,
2023-10-29 20:57:30,GLLBaseLine,..\rhulTests\torture.art,..\rhulTests\b130.str,'bbbbbbbbbb',130,131,Accept,Good,,99.85,210303,652,127215,42056,34060,1107210,3304470,16512,114147912,871358.11
2023-10-29 20:57:31,GLLHashPool,..\rhulTests\torture.art,..\rhulTests\b130.str,'bbbbbbbbbb',130,131,Accept,Good,,127.06,210303,652,127215,42056,34060,1107210,3304470,16512,936,7.15,13817657,105478.30,65476287,499818.98,40128824,306326.90,25000291,662788,243488,61636,36391,
2023-10-29 20:57:33,GLLBaseLine,..\rhulTests\torture.art,..\rhulTests\b130.str,'bbbbbbbbbb',130,131,Accept,Good,,97.54,210303,652,127215,42056,34060,1107210,3304470,16512,113844168,869039.45
2023-10-29 20:57:34,GLLHashPool,..\rhulTests\torture.art,..\rhulTests\b130.str,'bbbbbbbbbb',130,131,Accept,Good,,123.35,210303,652,127215,42056,34060,1107210,3304470,16512,936,7.15,13817657,105478.30,65476287,499818.98,40128824,306326.90,25000291,662788,243488,61636,36391,
2023-10-29 20:57:37,GLLBaseLine,..\rhulTests\torture.art,..\rhulTests\b150.str,'bbbbbbbbbb',150,151,Accept,Good,,69.52,280153,752,169285,56026,45300,1699050,5074350,22052,167132440,1106837.35
2023-10-29 20:57:39,GLLHashPool,..\rhulTests\torture.art,..\rhulTests\b150.str,'bbbbbbbbbb',150,151,Accept,Good,,84.78,280153,752,169285,56026,45300,1699050,5074350,22052,936,6.20,19973837,132277.07,65476287,433617.79,59724344,395525.46,24644093,835792,322997,116827,84885,
2023-10-29 20:57:42,GLLBaseLine,..\rhulTests\torture.art,..\rhulTests\b150.str,'bbbbbbbbbb',150,151,Accept,Good,,69.52,280153,752,169285,56026,45300,1699050,5074350,22052,167577904,1109787.44
2023-10-29 20:57:44,GLLHashPool,..\rhulTests\torture.art,..\rhulTests\b150.str,'bbbbbbbbbb',150,151,Accept,Good,,84.03,280153,752,169285,56026,45300,1699050,5074350,22052,936,6.20,19973837,132277.07,65476287,433617.79,59724344,395525.46,24644093,835792,322997,116827,84885,
2023-10-29 20:57:47,GLLBaseLine,..\rhulTests\torture.art,..\rhulTests\b150.str,'bbbbbbbbbb',150,151,Accept,Good,,67.59,280153,752,169285,56026,45300,1699050,5074350,22052,167149064,1106947.44
2023-10-29 20:57:49,GLLHashPool,..\rhulTests\torture.art,..\rhulTests\b150.str,'bbbbbbbbbb',150,151,Accept,Good,,84.08,280153,752,169285,56026,45300,1699050,5074350,22052,936,6.20,19973837,132277.07,65476287,433617.79,59724344,395525.46,24644093,835792,322997,116827,84885,
2023-10-29 20:57:52,GLLBaseLine,..\rhulTests\torture.art,..\rhulTests\b150.str,'bbbbbbbbbb',150,151,Accept,Good,,69.04,280153,752,169285,56026,45300,1699050,5074350,22052,167163168,1107040.85
2023-10-29 20:57:54,GLLHashPool,..\rhulTests\torture.art,..\rhulTests\b150.str,'bbbbbbbbbb',150,151,Accept,Good,,83.29,280153,752,169285,56026,45300,1699050,5074350,22052,936,6.20,19973837,132277.07,65476287,433617.79,59724344,395525.46,24644093,835792,322997,116827,84885,
2023-10-29 20:57:56,GLLBaseLine,..\rhulTests\torture.art,..\rhulTests\b150.str,'bbbbbbbbbb',150,151,Accept,Good,,70.56,280153,752,169285,56026,45300,1699050,5074350,22052,167352960,1108297.75
2023-10-29 20:57:59,GLLHashPool,..\rhulTests\torture.art,..\rhulTests\b150.str,'bbbbbbbbbb',150,151,Accept,Good,,75.73,280153,752,169285,56026,45300,1699050,5074350,22052,936,6.20,19973837,132277.07,65476287,433617.79,59724344,395525.46,24644093,835792,322997,116827,84885,
2023-10-29 20:58:01,GLLBaseLine,..\rhulTests\torture.art,..\rhulTests\b150.str,'bbbbbbbbbb',150,151,Accept,Good,,65.74,280153,752,169285,56026,45300,1699050,5074350,22052,167100008,1106622.57
2023-10-29 20:58:04,GLLHashPool,..\rhulTests\torture.art,..\rhulTests\b150.str,'bbbbbbbbbb',150,151,Accept,Good,,84.78,280153,752,169285,56026,45300,1699050,5074350,22052,936,6.20,19973837,132277.07,65476287,433617.79,59724344,395525.46,24644093,835792,322997,116827,84885,
2023-10-29 20:58:06,GLLBaseLine,..\rhulTests\torture.art,..\rhulTests\b150.str,'bbbbbbbbbb',150,151,Accept,Good,,69.01,280153,752,169285,56026,45300,1699050,5074350,22052,167235248,1107518.20
2023-10-29 20:58:08,GLLHashPool,..\rhulTests\torture.art,..\rhulTests\b150.str,'bbbbbbbbbb',150,151,Accept,Good,,84.08,280153,752,169285,56026,45300,1699050,5074350,22052,936,6.20,19973837,132277.07,65476287,433617.79,59724344,395525.46,24644093,835792,322997,116827,84885,
2023-10-29 20:58:11,GLLBaseLine,..\rhulTests\torture.art,..\rhulTests\b150.str,'bbbbbbbbbb',150,151,Accept,Good,,70.04,280153,752,169285,56026,45300,1699050,5074350,22052,167401952,1108622.20
2023-10-29 20:58:13,GLLHashPool,..\rhulTests\torture.art,..\rhulTests\b150.str,'bbbbbbbbbb',150,151,Accept,Good,,84.08,280153,752,169285,56026,45300,1699050,5074350,22052,936,6.20,19973837,132277.07,65476287,433617.79,59724344,395525.46,24644093,835792,322997,116827,84885,
2023-10-29 20:58:16,GLLBaseLine,..\rhulTests\torture.art,..\rhulTests\b150.str,'bbbbbbbbbb',150,151,Accept,Good,,69.04,280153,752,169285,56026,45300,1699050,5074350,22052,167203952,1107310.94
2023-10-29 20:58:18,GLLHashPool,..\rhulTests\torture.art,..\rhulTests\b150.str,'bbbbbbbbbb',150,151,Accept,Good,,84.08,280153,752,169285,56026,45300,1699050,5074350,22052,936,6.20,19973837,132277.07,65476287,433617.79,59724344,395525.46,24644093,835792,322997,116827,84885,
2023-10-29 20:58:21,GLLBaseLine,..\rhulTests\torture.art,..\rhulTests\b150.str,'bbbbbbbbbb',150,151,Accept,Good,,70.56,280153,752,169285,56026,45300,1699050,5074350,22052,167155800,1106992.05
2023-10-29 20:58:23,GLLHashPool,..\rhulTests\torture.art,..\rhulTests\b150.str,'bbbbbbbbbb',150,151,Accept,Good,,84.78,280153,752,169285,56026,45300,1699050,5074350,22052,936,6.20,19973837,132277.07,65476287,433617.79,59724344,395525.46,24644093,835792,322997,116827,84885,
2023-10-29 20:58:26,GLLBaseLine,..\rhulTests\torture.art,..\rhulTests\b160.str,'bbbbbbbbbb',160,161,Accept,Good,,58.23,318828,802,192570,63761,51520,2061120,6157440,25122,198736144,1234385.99
2023-10-29 20:58:29,GLLHashPool,..\rhulTests\torture.art,..\rhulTests\b160.str,'bbbbbbbbbb',160,161,Accept,Good,,67.36,318828,802,192570,63761,51520,2061120,6157440,25122,936,5.81,23622977,146726.57,65476287,406685.01,71536304,444324.87,24458266,915109,358043,147690,125486,
2023-10-29 20:58:32,GLLBaseLine,..\rhulTests\torture.art,..\rhulTests\b160.str,'bbbbbbbbbb',160,161,Accept,Good,,59.59,318828,802,192570,63761,51520,2061120,6157440,25122,198847728,1235079.06
2023-10-29 20:58:35,GLLHashPool,..\rhulTests\torture.art,..\rhulTests\b160.str,'bbbbbbbbbb',160,161,Accept,Good,,69.16,318828,802,192570,63761,51520,2061120,6157440,25122,936,5.81,23622977,146726.57,65476287,406685.01,71536304,444324.87,24458266,915109,358043,147690,125486,
2023-10-29 20:58:38,GLLBaseLine,..\rhulTests\torture.art,..\rhulTests\b160.str,'bbbbbbbbbb',160,161,Accept,Good,,58.23,318828,802,192570,63761,51520,2061120,6157440,25122,198468592,1232724.17
2023-10-29 20:58:41,GLLHashPool,..\rhulTests\torture.art,..\rhulTests\b160.str,'bbbbbbbbbb',160,161,Accept,Good,,66.50,318828,802,192570,63761,51520,2061120,6157440,25122,936,5.81,23622977,146726.57,65476287,406685.01,71536304,444324.87,24458266,915109,358043,147690,125486,
2023-10-29 20:58:44,GLLBaseLine,..\rhulTests\torture.art,..\rhulTests\b160.str,'bbbbbbbbbb',160,161,Accept,Good,,54.52,318828,802,192570,63761,51520,2061120,6157440,25122,198551056,1233236.37
2023-10-29 20:58:47,GLLHashPool,..\rhulTests\torture.art,..\rhulTests\b160.str,'bbbbbbbbbb',160,161,Accept,Good,,67.82,318828,802,192570,63761,51520,2061120,6157440,25122,936,5.81,23622977,146726.57,65476287,406685.01,71536304,444324.87,24458266,915109,358043,147690,125486,
2023-10-29 20:58:50,GLLBaseLine,..\rhulTests\torture.art,..\rhulTests\b160.str,'bbbbbbbbbb',160,161,Accept,Good,,58.57,318828,802,192570,63761,51520,2061120,6157440,25122,198932616,1235606.31
2023-10-29 20:58:53,GLLHashPool,..\rhulTests\torture.art,..\rhulTests\b160.str,'bbbbbbbbbb',160,161,Accept,Good,,68.72,318828,802,192570,63761,51520,2061120,6157440,25122,936,5.81,23622977,146726.57,65476287,406685.01,71536304,444324.87,24458266,915109,358043,147690,125486,
2023-10-29 20:58:56,GLLBaseLine,..\rhulTests\torture.art,..\rhulTests\b160.str,'bbbbbbbbbb',160,161,Accept,Good,,59.56,318828,802,192570,63761,51520,2061120,6157440,25122,198421440,1232431.30
2023-10-29 20:58:59,GLLHashPool,..\rhulTests\torture.art,..\rhulTests\b160.str,'bbbbbbbbbb',160,161,Accept,Good,,67.96,318828,802,192570,63761,51520,2061120,6157440,25122,936,5.81,23622977,146726.57,65476287,406685.01,71536304,444324.87,24458266,915109,358043,147690,125486,
2023-10-29 20:59:02,GLLBaseLine,..\rhulTests\torture.art,..\rhulTests\b160.str,'bbbbbbbbbb',160,161,Accept,Good,,59.56,318828,802,192570,63761,51520,2061120,6157440,25122,198869688,1235215.45
2023-10-29 20:59:05,GLLHashPool,..\rhulTests\torture.art,..\rhulTests\b160.str,'bbbbbbbbbb',160,161,Accept,Good,,69.04,318828,802,192570,63761,51520,2061120,6157440,25122,936,5.81,23622977,146726.57,65476287,406685.01,71536304,444324.87,24458266,915109,358043,147690,125486,
2023-10-29 20:59:08,GLLBaseLine,..\rhulTests\torture.art,..\rhulTests\b160.str,'bbbbbbbbbb',160,161,Accept,Good,,58.23,318828,802,192570,63761,51520,2061120,6157440,25122,198644432,1233816.35
2023-10-29 20:59:11,GLLHashPool,..\rhulTests\torture.art,..\rhulTests\b160.str,'bbbbbbbbbb',160,161,Accept,Good,,70.09,318828,802,192570,63761,51520,2061120,6157440,25122,936,5.81,23622977,146726.57,65476287,406685.01,71536304,444324.87,24458266,915109,358043,147690,125486,
2023-10-29 20:59:14,GLLBaseLine,..\rhulTests\torture.art,..\rhulTests\b160.str,'bbbbbbbbbb',160,161,Accept,Good,,58.55,318828,802,192570,63761,51520,2061120,6157440,25122,198645264,1233821.52
2023-10-29 20:59:17,GLLHashPool,..\rhulTests\torture.art,..\rhulTests\b160.str,'bbbbbbbbbb',160,161,Accept,Good,,69.64,318828,802,192570,63761,51520,2061120,6157440,25122,936,5.81,23622977,146726.57,65476287,406685.01,71536304,444324.87,24458266,915109,358043,147690,125486,
2023-10-29 20:59:20,GLLBaseLine,..\rhulTests\torture.art,..\rhulTests\b160.str,'bbbbbbbbbb',160,161,Accept,Good,,59.92,318828,802,192570,63761,51520,2061120,6157440,25122,198597992,1233527.90
2023-10-29 20:59:23,GLLHashPool,..\rhulTests\torture.art,..\rhulTests\b160.str,'bbbbbbbbbb',160,161,Accept,Good,,68.25,318828,802,192570,63761,51520,2061120,6157440,25122,936,5.81,23622977,146726.57,65476287,406685.01,71536304,444324.87,24458266,915109,358043,147690,125486,
2023-10-29 20:59:27,GLLBaseLine,..\rhulTests\torture.art,..\rhulTests\b170.str,'bbbbbbbbbb',170,171,Accept,Good,,54.44,360003,852,217355,71996,58140,2471290,7384630,28392,233874600,1367687.72
2023-10-29 20:59:30,GLLHashPool,..\rhulTests\torture.art,..\rhulTests\b170.str,'bbbbbbbbbb',170,171,Accept,Good,,55.00,360003,852,217355,71996,58140,2471290,7384630,28392,936,5.47,27680817,161876.12,65476287,382902.26,84803064,495924.35,24286339,979836,373103,181152,184164,
2023-10-29 20:59:34,GLLBaseLine,..\rhulTests\torture.art,..\rhulTests\b170.str,'bbbbbbbbbb',170,171,Accept,Good,,52.12,360003,852,217355,71996,58140,2471290,7384630,28392,234289608,1370114.67
2023-10-29 20:59:37,GLLHashPool,..\rhulTests\torture.art,..\rhulTests\b170.str,'bbbbbbbbbb',170,171,Accept,Good,,56.14,360003,852,217355,71996,58140,2471290,7384630,28392,936,5.47,27680817,161876.12,65476287,382902.26,84803064,495924.35,24286339,979836,373103,181152,184164,
2023-10-29 20:59:41,GLLBaseLine,..\rhulTests\torture.art,..\rhulTests\b170.str,'bbbbbbbbbb',170,171,Accept,Good,,53.66,360003,852,217355,71996,58140,2471290,7384630,28392,234676728,1372378.53
2023-10-29 20:59:45,GLLHashPool,..\rhulTests\torture.art,..\rhulTests\b170.str,'bbbbbbbbbb',170,171,Accept,Good,,57.00,360003,852,217355,71996,58140,2471290,7384630,28392,936,5.47,27680817,161876.12,65476287,382902.26,84803064,495924.35,24286339,979836,373103,181152,184164,
2023-10-29 20:59:48,GLLBaseLine,..\rhulTests\torture.art,..\rhulTests\b170.str,'bbbbbbbbbb',170,171,Accept,Good,,54.18,360003,852,217355,71996,58140,2471290,7384630,28392,234303464,1370195.70
2023-10-29 20:59:52,GLLHashPool,..\rhulTests\torture.art,..\rhulTests\b170.str,'bbbbbbbbbb',170,171,Accept,Good,,57.31,360003,852,217355,71996,58140,2471290,7384630,28392,936,5.47,27680817,161876.12,65476287,382902.26,84803064,495924.35,24286339,979836,373103,181152,184164,
2023-10-29 20:59:56,GLLBaseLine,..\rhulTests\torture.art,..\rhulTests\b170.str,'bbbbbbbbbb',170,171,Accept,Good,,52.37,360003,852,217355,71996,58140,2471290,7384630,28392,234254840,1369911.35
2023-10-29 20:59:59,GLLHashPool,..\rhulTests\torture.art,..\rhulTests\b170.str,'bbbbbbbbbb',170,171,Accept,Good,,56.55,360003,852,217355,71996,58140,2471290,7384630,28392,936,5.47,27680817,161876.12,65476287,382902.26,84803064,495924.35,24286339,979836,373103,181152,184164,
2023-10-29 21:00:03,GLLBaseLine,..\rhulTests\torture.art,..\rhulTests\b170.str,'bbbbbbbbbb',170,171,Accept,Good,,52.62,360003,852,217355,71996,58140,2471290,7384630,28392,234464784,1371139.09
2023-10-29 21:00:06,GLLHashPool,..\rhulTests\torture.art,..\rhulTests\b170.str,'bbbbbbbbbb',170,171,Accept,Good,,57.00,360003,852,217355,71996,58140,2471290,7384630,28392,936,5.47,27680817,161876.12,65476287,382902.26,84803064,495924.35,24286339,979836,373103,181152,184164,
2023-10-29 21:00:10,GLLBaseLine,..\rhulTests\torture.art,..\rhulTests\b170.str,'bbbbbbbbbb',170,171,Accept,Good,,52.88,360003,852,217355,71996,58140,2471290,7384630,28392,234180520,1369476.73
2023-10-29 21:00:13,GLLHashPool,..\rhulTests\torture.art,..\rhulTests\b170.str,'bbbbbbbbbb',170,171,Accept,Good,,57.00,360003,852,217355,71996,58140,2471290,7384630,28392,936,5.47,27680817,161876.12,65476287,382902.26,84803064,495924.35,24286339,979836,373103,181152,184164,
2023-10-29 21:00:17,GLLBaseLine,..\rhulTests\torture.art,..\rhulTests\b170.str,'bbbbbbbbbb',170,171,Accept,Good,,51.87,360003,852,217355,71996,58140,2471290,7384630,28392,234075512,1368862.64
2023-10-29 21:00:21,GLLHashPool,..\rhulTests\torture.art,..\rhulTests\b170.str,'bbbbbbbbbb',170,171,Accept,Good,,56.44,360003,852,217355,71996,58140,2471290,7384630,28392,936,5.47,27680817,161876.12,65476287,382902.26,84803064,495924.35,24286339,979836,373103,181152,184164,
2023-10-29 21:00:25,GLLBaseLine,..\rhulTests\torture.art,..\rhulTests\b170.str,'bbbbbbbbbb',170,171,Accept,Good,,52.37,360003,852,217355,71996,58140,2471290,7384630,28392,234005800,1368454.97
2023-10-29 21:00:28,GLLHashPool,..\rhulTests\torture.art,..\rhulTests\b170.str,'bbbbbbbbbb',170,171,Accept,Good,,56.14,360003,852,217355,71996,58140,2471290,7384630,28392,936,5.47,27680817,161876.12,65476287,382902.26,84803064,495924.35,24286339,979836,373103,181152,184164,
2023-10-29 21:00:32,GLLBaseLine,..\rhulTests\torture.art,..\rhulTests\b170.str,'bbbbbbbbbb',170,171,Accept,Good,,52.62,360003,852,217355,71996,58140,2471290,7384630,28392,234441048,1371000.28
2023-10-29 21:00:35,GLLHashPool,..\rhulTests\torture.art,..\rhulTests\b170.str,'bbbbbbbbbb',170,171,Accept,Good,,56.72,360003,852,217355,71996,58140,2471290,7384630,28392,936,5.47,27680817,161876.12,65476287,382902.26,84803064,495924.35,24286339,979836,373103,181152,184164,
2023-10-29 21:00:40,GLLBaseLine,..\rhulTests\torture.art,..\rhulTests\b180.str,'bbbbbbbbbb',180,181,Accept,Good,,45.26,403678,902,243640,80731,65160,2932560,8764920,31862,276312880,1526590.50
2023-10-29 21:00:44,GLLHashPool,..\rhulTests\torture.art,..\rhulTests\b180.str,'bbbbbbbbbb',180,181,Accept,Good,,47.71,403678,902,243640,80731,65160,2932560,8764920,31862,936,5.17,32168357,177725.73,65476287,361747.44,99608624,550323.89,24101784,1046174,392542,213207,250887,
2023-10-29 21:00:49,GLLBaseLine,..\rhulTests\torture.art,..\rhulTests\b180.str,'bbbbbbbbbb',180,181,Accept,Good,,44.74,403678,902,243640,80731,65160,2932560,8764920,31862,276299096,1526514.34
2023-10-29 21:00:53,GLLHashPool,..\rhulTests\torture.art,..\rhulTests\b180.str,'bbbbbbbbbb',180,181,Accept,Good,,45.97,403678,902,243640,80731,65160,2932560,8764920,31862,936,5.17,32168357,177725.73,65476287,361747.44,99608624,550323.89,24101784,1046174,392542,213207,250887,
2023-10-29 21:00:58,GLLBaseLine,..\rhulTests\torture.art,..\rhulTests\b180.str,'bbbbbbbbbb',180,181,Accept,Good,,45.80,403678,902,243640,80731,65160,2932560,8764920,31862,276255264,1526272.18
2023-10-29 21:01:02,GLLHashPool,..\rhulTests\torture.art,..\rhulTests\b180.str,'bbbbbbbbbb',180,181,Accept,Good,,47.95,403678,902,243640,80731,65160,2932560,8764920,31862,936,5.17,32168357,177725.73,65476287,361747.44,99608624,550323.89,24101784,1046174,392542,213207,250887,
2023-10-29 21:01:07,GLLBaseLine,..\rhulTests\torture.art,..\rhulTests\b180.str,'bbbbbbbbbb',180,181,Accept,Good,,44.55,403678,902,243640,80731,65160,2932560,8764920,31862,276281864,1526419.14
2023-10-29 21:01:11,GLLHashPool,..\rhulTests\torture.art,..\rhulTests\b180.str,'bbbbbbbbbb',180,181,Accept,Good,,47.48,403678,902,243640,80731,65160,2932560,8764920,31862,936,5.17,32168357,177725.73,65476287,361747.44,99608624,550323.89,24101784,1046174,392542,213207,250887,
2023-10-29 21:01:15,GLLBaseLine,..\rhulTests\torture.art,..\rhulTests\b180.str,'bbbbbbbbbb',180,181,Accept,Good,,45.60,403678,902,243640,80731,65160,2932560,8764920,31862,276298792,1526512.66
2023-10-29 21:01:20,GLLHashPool,..\rhulTests\torture.art,..\rhulTests\b180.str,'bbbbbbbbbb',180,181,Accept,Good,,46.16,403678,902,243640,80731,65160,2932560,8764920,31862,936,5.17,32168357,177725.73,65476287,361747.44,99608624,550323.89,24101784,1046174,392542,213207,250887,
2023-10-29 21:01:24,GLLBaseLine,..\rhulTests\torture.art,..\rhulTests\b180.str,'bbbbbbbbbb',180,181,Accept,Good,,45.08,403678,902,243640,80731,65160,2932560,8764920,31862,276031528,1525036.07
2023-10-29 21:01:29,GLLHashPool,..\rhulTests\torture.art,..\rhulTests\b180.str,'bbbbbbbbbb',180,181,Accept,Good,,47.67,403678,902,243640,80731,65160,2932560,8764920,31862,936,5.17,32168357,177725.73,65476287,361747.44,99608624,550323.89,24101784,1046174,392542,213207,250887,
2023-10-29 21:01:33,GLLBaseLine,..\rhulTests\torture.art,..\rhulTests\b180.str,'bbbbbbbbbb',180,181,Accept,Good,,44.22,403678,902,243640,80731,65160,2932560,8764920,31862,276177960,1525845.08
2023-10-29 21:01:38,GLLHashPool,..\rhulTests\torture.art,..\rhulTests\b180.str,'bbbbbbbbbb',180,181,Accept,Good,,47.10,403678,902,243640,80731,65160,2932560,8764920,31862,936,5.17,32168357,177725.73,65476287,361747.44,99608624,550323.89,24101784,1046174,392542,213207,250887,
2023-10-29 21:01:42,GLLBaseLine,..\rhulTests\torture.art,..\rhulTests\b180.str,'bbbbbbbbbb',180,181,Accept,Good,,44.21,403678,902,243640,80731,65160,2932560,8764920,31862,276271120,1526359.78
2023-10-29 21:01:47,GLLHashPool,..\rhulTests\torture.art,..\rhulTests\b180.str,'bbbbbbbbbb',180,181,Accept,Good,,47.48,403678,902,243640,80731,65160,2932560,8764920,31862,936,5.17,32168357,177725.73,65476287,361747.44,99608624,550323.89,24101784,1046174,392542,213207,250887,
2023-10-29 21:01:51,GLLBaseLine,..\rhulTests\torture.art,..\rhulTests\b180.str,'bbbbbbbbbb',180,181,Accept,Good,,45.08,403678,902,243640,80731,65160,2932560,8764920,31862,276367216,1526890.70
2023-10-29 21:01:55,GLLHashPool,..\rhulTests\torture.art,..\rhulTests\b180.str,'bbbbbbbbbb',180,181,Accept,Good,,46.52,403678,902,243640,80731,65160,2932560,8764920,31862,936,5.17,32168357,177725.73,65476287,361747.44,99608624,550323.89,24101784,1046174,392542,213207,250887,
2023-10-29 21:02:00,GLLBaseLine,..\rhulTests\torture.art,..\rhulTests\b180.str,'bbbbbbbbbb',180,181,Accept,Good,,44.46,403678,902,243640,80731,65160,2932560,8764920,31862,276040104,1525083.45
2023-10-29 21:02:04,GLLHashPool,..\rhulTests\torture.art,..\rhulTests\b180.str,'bbbbbbbbbb',180,181,Accept,Good,,47.49,403678,902,243640,80731,65160,2932560,8764920,31862,936,5.17,32168357,177725.73,65476287,361747.44,99608624,550323.89,24101784,1046174,392542,213207,250887,
2023-10-29 21:02:10,GLLBaseLine,..\rhulTests\torture.art,..\rhulTests\b190.str,'bbbbbbbbbb',190,191,Accept,Good,,39.43,449853,952,271425,89966,72580,3447930,10307310,35532,320311816,1677025.21
2023-10-29 21:02:15,GLLHashPool,..\rhulTests\torture.art,..\rhulTests\b190.str,'bbbbbbbbbb',190,191,Accept,Good,,38.81,449853,952,271425,89966,72580,3447930,10307310,35532,936,4.90,37106597,194275.38,65476287,342807.79,116036984,607523.48,23934487,1097841,393872,239907,338487,
2023-10-29 21:02:21,GLLBaseLine,..\rhulTests\torture.art,..\rhulTests\b190.str,'bbbbbbbbbb',190,191,Accept,Good,,39.44,449853,952,271425,89966,72580,3447930,10307310,35532,319484216,1672692.23
2023-10-29 21:02:26,GLLHashPool,..\rhulTests\torture.art,..\rhulTests\b190.str,'bbbbbbbbbb',190,191,Accept,Good,,39.31,449853,952,271425,89966,72580,3447930,10307310,35532,936,4.90,37106597,194275.38,65476287,342807.79,116036984,607523.48,23934487,1097841,393872,239907,338487,
2023-10-29 21:02:32,GLLBaseLine,..\rhulTests\torture.art,..\rhulTests\b190.str,'bbbbbbbbbb',190,191,Accept,Good,,38.56,449853,952,271425,89966,72580,3447930,10307310,35532,320011376,1675452.23
2023-10-29 21:02:37,GLLHashPool,..\rhulTests\torture.art,..\rhulTests\b190.str,'bbbbbbbbbb',190,191,Accept,Good,,38.81,449853,952,271425,89966,72580,3447930,10307310,35532,936,4.90,37106597,194275.38,65476287,342807.79,116036984,607523.48,23934487,1097841,393872,239907,338487,
2023-10-29 21:02:43,GLLBaseLine,..\rhulTests\torture.art,..\rhulTests\b190.str,'bbbbbbbbbb',190,191,Accept,Good,,39.19,449853,952,271425,89966,72580,3447930,10307310,35532,319603824,1673318.45
2023-10-29 21:02:48,GLLHashPool,..\rhulTests\torture.art,..\rhulTests\b190.str,'bbbbbbbbbb',190,191,Accept,Good,,37.96,449853,952,271425,89966,72580,3447930,10307310,35532,936,4.90,37106597,194275.38,65476287,342807.79,116036984,607523.48,23934487,1097841,393872,239907,338487,
2023-10-29 21:02:53,GLLBaseLine,..\rhulTests\torture.art,..\rhulTests\b190.str,'bbbbbbbbbb',190,191,Accept,Good,,39.95,449853,952,271425,89966,72580,3447930,10307310,35532,319633320,1673472.88
2023-10-29 21:02:59,GLLHashPool,..\rhulTests\torture.art,..\rhulTests\b190.str,'bbbbbbbbbb',190,191,Accept,Good,,39.18,449853,952,271425,89966,72580,3447930,10307310,35532,936,4.90,37106597,194275.38,65476287,342807.79,116036984,607523.48,23934487,1097841,393872,239907,338487,
2023-10-29 21:03:04,GLLBaseLine,..\rhulTests\torture.art,..\rhulTests\b190.str,'bbbbbbbbbb',190,191,Accept,Good,,39.82,449853,952,271425,89966,72580,3447930,10307310,35532,319137160,1670875.18
2023-10-29 21:03:10,GLLHashPool,..\rhulTests\torture.art,..\rhulTests\b190.str,'bbbbbbbbbb',190,191,Accept,Good,,39.06,449853,952,271425,89966,72580,3447930,10307310,35532,936,4.90,37106597,194275.38,65476287,342807.79,116036984,607523.48,23934487,1097841,393872,239907,338487,
2023-10-29 21:03:15,GLLBaseLine,..\rhulTests\torture.art,..\rhulTests\b190.str,'bbbbbbbbbb',190,191,Accept,Good,,40.22,449853,952,271425,89966,72580,3447930,10307310,35532,320141056,1676131.18
2023-10-29 21:03:20,GLLHashPool,..\rhulTests\torture.art,..\rhulTests\b190.str,'bbbbbbbbbb',190,191,Accept,Good,,39.06,449853,952,271425,89966,72580,3447930,10307310,35532,936,4.90,37106597,194275.38,65476287,342807.79,116036984,607523.48,23934487,1097841,393872,239907,338487,
2023-10-29 21:03:26,GLLBaseLine,..\rhulTests\torture.art,..\rhulTests\b190.str,'bbbbbbbbbb',190,191,Accept,Good,,40.21,449853,952,271425,89966,72580,3447930,10307310,35532,319910408,1674923.60
2023-10-29 21:03:31,GLLHashPool,..\rhulTests\torture.art,..\rhulTests\b190.str,'bbbbbbbbbb',190,191,Accept,Good,,39.31,449853,952,271425,89966,72580,3447930,10307310,35532,936,4.90,37106597,194275.38,65476287,342807.79,116036984,607523.48,23934487,1097841,393872,239907,338487,
2023-10-29 21:03:37,GLLBaseLine,..\rhulTests\torture.art,..\rhulTests\b190.str,'bbbbbbbbbb',190,191,Accept,Good,,39.82,449853,952,271425,89966,72580,3447930,10307310,35532,319977536,1675275.06
2023-10-29 21:03:42,GLLHashPool,..\rhulTests\torture.art,..\rhulTests\b190.str,'bbbbbbbbbb',190,191,Accept,Good,,38.93,449853,952,271425,89966,72580,3447930,10307310,35532,936,4.90,37106597,194275.38,65476287,342807.79,116036984,607523.48,23934487,1097841,393872,239907,338487,
2023-10-29 21:03:48,GLLBaseLine,..\rhulTests\torture.art,..\rhulTests\b190.str,'bbbbbbbbbb',190,191,Accept,Good,,37.74,449853,952,271425,89966,72580,3447930,10307310,35532,319565320,1673116.86
2023-10-29 21:03:53,GLLHashPool,..\rhulTests\torture.art,..\rhulTests\b190.str,'bbbbbbbbbb',190,191,Accept,Good,,38.81,449853,952,271425,89966,72580,3447930,10307310,35532,936,4.90,37106597,194275.38,65476287,342807.79,116036984,607523.48,23934487,1097841,393872,239907,338487,
2023-10-29 21:04:00,GLLBaseLine,..\rhulTests\torture.art,..\rhulTests\b200.str,'bbbbbbbbbb',200,201,Accept,Good,,34.15,498528,1002,300710,99701,80400,4020400,12020800,39402,368231240,1831996.22
2023-10-29 21:04:06,GLLHashPool,..\rhulTests\torture.art,..\rhulTests\b200.str,'bbbbbbbbbb',200,201,Accept,Good,,32.90,498528,1002,300710,99701,80400,4020400,12020800,39402,936,4.66,42516537,211525.06,65476287,325752.67,134172144,667523.10,23760437,1154229,391790,263860,434278,
2023-10-29 21:04:13,GLLBaseLine,..\rhulTests\torture.art,..\rhulTests\b200.str,'bbbbbbbbbb',200,201,Accept,Good,,34.87,498528,1002,300710,99701,80400,4020400,12020800,39402,368422280,1832946.67
2023-10-29 21:04:19,GLLHashPool,..\rhulTests\torture.art,..\rhulTests\b200.str,'bbbbbbbbbb',200,201,Accept,Good,,32.90,498528,1002,300710,99701,80400,4020400,12020800,39402,936,4.66,42516537,211525.06,65476287,325752.67,134172144,667523.10,23760437,1154229,391790,263860,434278,
2023-10-29 21:04:26,GLLBaseLine,..\rhulTests\torture.art,..\rhulTests\b200.str,'bbbbbbbbbb',200,201,Accept,Good,,34.13,498528,1002,300710,99701,80400,4020400,12020800,39402,367698304,1829344.80
2023-10-29 21:04:32,GLLHashPool,..\rhulTests\torture.art,..\rhulTests\b200.str,'bbbbbbbbbb',200,201,Accept,Good,,32.90,498528,1002,300710,99701,80400,4020400,12020800,39402,936,4.66,42516537,211525.06,65476287,325752.67,134172144,667523.10,23760437,1154229,391790,263860,434278,
2023-10-29 21:04:39,GLLBaseLine,..\rhulTests\torture.art,..\rhulTests\b200.str,'bbbbbbbbbb',200,201,Accept,Good,,35.34,498528,1002,300710,99701,80400,4020400,12020800,39402,367757024,1829636.94
2023-10-29 21:04:45,GLLHashPool,..\rhulTests\torture.art,..\rhulTests\b200.str,'bbbbbbbbbb',200,201,Accept,Good,,32.57,498528,1002,300710,99701,80400,4020400,12020800,39402,936,4.66,42516537,211525.06,65476287,325752.67,134172144,667523.10,23760437,1154229,391790,263860,434278,
2023-10-29 21:04:52,GLLBaseLine,..\rhulTests\torture.art,..\rhulTests\b200.str,'bbbbbbbbbb',200,201,Accept,Good,,35.24,498528,1002,300710,99701,80400,4020400,12020800,39402,367330192,1827513.39
2023-10-29 21:04:58,GLLHashPool,..\rhulTests\torture.art,..\rhulTests\b200.str,'bbbbbbbbbb',200,201,Accept,Good,,32.49,498528,1002,300710,99701,80400,4020400,12020800,39402,936,4.66,42516537,211525.06,65476287,325752.67,134172144,667523.10,23760437,1154229,391790,263860,434278,
2023-10-29 21:05:05,GLLBaseLine,..\rhulTests\torture.art,..\rhulTests\b200.str,'bbbbbbbbbb',200,201,Accept,Good,,35.24,498528,1002,300710,99701,80400,4020400,12020800,39402,367281528,1827271.28
2023-10-29 21:05:12,GLLHashPool,..\rhulTests\torture.art,..\rhulTests\b200.str,'bbbbbbbbbb',200,201,Accept,Good,,31.37,498528,1002,300710,99701,80400,4020400,12020800,39402,936,4.66,42516537,211525.06,65476287,325752.67,134172144,667523.10,23760437,1154229,391790,263860,434278,
2023-10-29 21:05:18,GLLBaseLine,..\rhulTests\torture.art,..\rhulTests\b200.str,'bbbbbbbbbb',200,201,Accept,Good,,34.31,498528,1002,300710,99701,80400,4020400,12020800,39402,367501648,1828366.41
2023-10-29 21:05:25,GLLHashPool,..\rhulTests\torture.art,..\rhulTests\b200.str,'bbbbbbbbbb',200,201,Accept,Good,,31.85,498528,1002,300710,99701,80400,4020400,12020800,39402,936,4.66,42516537,211525.06,65476287,325752.67,134172144,667523.10,23760437,1154229,391790,263860,434278,
2023-10-29 21:05:32,GLLBaseLine,..\rhulTests\torture.art,..\rhulTests\b200.str,'bbbbbbbbbb',200,201,Accept,Good,,35.05,498528,1002,300710,99701,80400,4020400,12020800,39402,367814248,1829921.63
2023-10-29 21:05:38,GLLHashPool,..\rhulTests\torture.art,..\rhulTests\b200.str,'bbbbbbbbbb',200,201,Accept,Good,,32.65,498528,1002,300710,99701,80400,4020400,12020800,39402,936,4.66,42516537,211525.06,65476287,325752.67,134172144,667523.10,23760437,1154229,391790,263860,434278,
2023-10-29 21:05:45,GLLBaseLine,..\rhulTests\torture.art,..\rhulTests\b200.str,'bbbbbbbbbb',200,201,Accept,Good,,35.24,498528,1002,300710,99701,80400,4020400,12020800,39402,367730088,1829502.93
2023-10-29 21:05:51,GLLHashPool,..\rhulTests\torture.art,..\rhulTests\b200.str,'bbbbbbbbbb',200,201,Accept,Good,,32.90,498528,1002,300710,99701,80400,4020400,12020800,39402,936,4.66,42516537,211525.06,65476287,325752.67,134172144,667523.10,23760437,1154229,391790,263860,434278,
2023-10-29 21:05:58,GLLBaseLine,..\rhulTests\torture.art,..\rhulTests\b200.str,'bbbbbbbbbb',200,201,Accept,Good,,34.68,498528,1002,300710,99701,80400,4020400,12020800,39402,368118728,1831436.46
2023-10-29 21:06:04,GLLHashPool,..\rhulTests\torture.art,..\rhulTests\b200.str,'bbbbbbbbbb',200,201,Accept,Good,,32.85,498528,1002,300710,99701,80400,4020400,12020800,39402,936,4.66,42516537,211525.06,65476287,325752.67,134172144,667523.10,23760437,1154229,391790,263860,434278,
